id,title,intro,poster,pubdate,url,rating,genres,star,comment,tags,star_time,card
3714748391,白日梦想家,,https://img2.doubanio.com/view/photo/m_ratio_poster/public/p2160195181.jpg,2013-12-25(美国),https://movie.douban.com/subject/2133323/,8.6,"剧情,喜剧,冒险",4,,,2023-03-08 22:06:01,2013 / 美国 英国 / 剧情 喜剧 冒险 / 本·斯蒂勒 / 本·斯蒂勒 克里斯汀·韦格
3709015553,波西米亚狂想曲,,https://img2.doubanio.com/view/photo/m_ratio_poster/public/p2549558913.jpg,2019-03-22(中国大陆),https://movie.douban.com/subject/5300054/,8.6,"剧情,同性,音乐",5,,,2023-03-02 22:27:08,2018 / 英国 美国 / 剧情 同性 音乐 传记 / 布莱恩·辛格 / 拉米·马雷克 本·哈迪
3709012200,禁闭岛,,https://img1.doubanio.com/view/photo/m_ratio_poster/public/p450262388.jpg,2010-02-13(柏林电影节),https://movie.douban.com/subject/2334904/,8.9,"剧情,悬疑,惊悚",4,,,2023-03-02 22:24:09,2010 / 美国 / 剧情 悬疑 惊悚 / 马丁·斯科塞斯 / 莱昂纳多·迪卡普里奥 马克·鲁弗洛
3709011224,罗马假日,,https://img9.doubanio.com/view/photo/m_ratio_poster/public/p2189265085.jpg,1953-08-20(威尼斯电影节),https://movie.douban.com/subject/1293839/,9.1,"剧情,喜剧,爱情",4,,,2023-03-02 22:23:14,1953 / 美国 / 剧情 喜剧 爱情 / 威廉·惠勒 / 奥黛丽·赫本 格利高里·派克
3708718716,沙丘,,https://img9.doubanio.com/view/photo/m_ratio_poster/public/p2687443734.jpg,2021-10-22(美国/中国大陆),https://movie.douban.com/subject/3001114/,7.7,"剧情,科幻,冒险",4,,,2023-03-02 16:48:03,2021 / 美国 / 剧情 科幻 冒险 / 丹尼斯·维伦纽瓦 / 提莫西·查拉梅 丽贝卡·弗格森
3708718395,心灵奇旅,,https://img9.doubanio.com/view/photo/m_ratio_poster/public/p2626308994.jpg,2020-12-25(中国大陆/美国网络),https://movie.douban.com/subject/24733428/,8.7,"动画,音乐,奇幻",4,,,2023-03-02 16:47:37,2020 / 美国 / 动画 音乐 奇幻 / 彼特·道格特 凯普·鲍尔斯 / 杰米·福克斯 蒂娜·菲
3708716070,那山那人那狗,,https://img9.doubanio.com/view/photo/m_ratio_poster/public/p798810224.jpg,1999(中国大陆),https://movie.douban.com/subject/1307766/,8.7,"剧情,家庭",5,,,2023-03-02 16:44:40,1999 / 中国大陆 / 剧情 家庭 / 霍建起 / 滕汝骏 刘烨
3708715707,普罗旺斯的夏天,,https://img9.doubanio.com/view/photo/m_ratio_poster/public/p2176944875.jpg,2014-04-02(法国),https://movie.douban.com/subject/25858604/,8.4,"剧情,喜剧,家庭",5,,,2023-03-02 16:44:16,2014 / 法国 / 剧情 喜剧 家庭 / 罗丝·博斯 / 让·雷诺 安娜·加列娜
3708712597,雨人,,https://img2.doubanio.com/view/photo/m_ratio_poster/public/p2353324612.jpg,1988-12-16(美国),https://movie.douban.com/subject/1291870/,8.7,剧情,4,,,2023-03-02 16:40:39,1988 / 美国 / 剧情 / 巴瑞·莱文森 / 达斯汀·霍夫曼 汤姆·克鲁斯
3708712260,美丽心灵,,https://img1.doubanio.com/view/photo/m_ratio_poster/public/p1665997400.jpg,2001-12-13(加州首映),https://movie.douban.com/subject/1306029/,9.1,"剧情,传记",5,,,2023-03-02 16:40:18,2001 / 美国 / 剧情 传记 / 朗·霍华德 / 罗素·克劳 艾德·哈里斯
3708711042,航海王：红发歌姬,,https://img1.doubanio.com/view/photo/m_ratio_poster/public/p2884233470.jpg,2022-12-01(中国大陆),https://movie.douban.com/subject/35675082/,7.1,"动作,动画,奇幻",4,,,2023-03-02 16:38:54,2022 / 日本 / 动作 动画 奇幻 冒险 / 谷口悟朗 / 田中真弓 中井和哉
3708710230,风骚律师 第五季,,https://img1.doubanio.com/view/photo/m_ratio_poster/public/p2580304539.jpg,2020-02-23(美国),https://movie.douban.com/subject/30285826/,9.7,"剧情,犯罪",5,,,2023-03-02 16:38:00,2020 / 美国 / 剧情 犯罪 / 布朗温·休斯 诺维托·巴尔瓦 迈克尔·莫里斯 戈登·史密斯 吉姆·麦凯 梅丽莎·伯恩斯坦 文斯·吉里根 托马斯·施纳泽 皮特·古尔德 / 鲍勃·奥登科克 乔纳森·班克斯
3708710151,风骚律师 第四季,,https://img2.doubanio.com/view/photo/m_ratio_poster/public/p2526785183.jpg,2018-08-06(美国),https://movie.douban.com/subject/27077785/,9.5,"剧情,犯罪",4,,,2023-03-02 16:37:54,2018 / 美国 / 剧情 犯罪 / 明基·斯皮罗 米歇尔·麦克拉伦 丹尼尔·沙克海姆 约翰·施班 迈克尔·莫里斯 安德鲁·斯坦顿 黛博拉·周 吉姆·麦凯 文斯·吉里根 亚当·伯恩斯坦 / 鲍勃·奥登科克 乔纳森·班克斯
3708709986,风骚律师 第二季,,https://img9.doubanio.com/view/photo/m_ratio_poster/public/p2305158254.jpg,2016-02-15(美国),https://movie.douban.com/subject/25976733/,9.5,"剧情,犯罪",4,,,2023-03-02 16:37:41,2016 / 美国 / 剧情 犯罪 / 托马斯·施纳泽 泰瑞·麦克多诺 斯科特·怀南特 亚当·伯恩斯坦 约翰·施班 迈克尔·斯洛维斯 科林·巴克西 拉尔沙·康达基 皮特·古尔德 文斯·吉里根 / 鲍勃·奥登科克 乔纳森·班克斯
3708709692,风骚律师 第一季,,https://img1.doubanio.com/view/photo/m_ratio_poster/public/p2218944919.jpg,2015-02-08(美国),https://movie.douban.com/subject/25726259/,9.3,"剧情,喜剧,犯罪",4,,,2023-03-02 16:37:22,2015 / 美国 / 剧情 喜剧 犯罪 / 文斯·吉里根 米歇尔·麦克拉伦 泰瑞·麦克多诺 科林·巴克西 妮可·卡索 亚当·伯恩斯坦 拉尔沙·康达基 托马斯·施纳泽 皮特·古尔德 / 鲍勃·奥登科克 蕾亚·塞洪
3708709329,绝命毒师  第五季,,https://img2.doubanio.com/view/photo/m_ratio_poster/public/p1579021082.jpg,2012-07-15(美国),https://movie.douban.com/subject/6952149/,9.7,"剧情,犯罪",5,,,2023-03-02 16:36:55,2012 / 美国 / 剧情 犯罪 / 迈克尔·斯洛维斯 米歇尔·麦克拉伦 亚当·伯恩斯坦 莱恩·约翰逊 乔治·马斯塔斯 科林·巴克西 托马斯·施纳泽 布莱恩·科兰斯顿 山姆·卡特林 皮特·古尔德 文斯·吉里根 / 布莱恩·科兰斯顿 亚伦·保尔
3708709250,绝命毒师  第四季,,https://img2.doubanio.com/view/photo/m_ratio_poster/public/p2016506391.jpg,2011-07-17(美国),https://movie.douban.com/subject/4927382/,9.5,"剧情,犯罪",5,,,2023-03-02 16:36:49,2011 / 美国 / 剧情 犯罪 / 亚当·伯恩斯坦 米歇尔·麦克拉伦 大卫·斯雷德 科林·巴克西 迈克尔·斯洛维斯 皮特·古尔德 约翰·伦克 泰瑞·麦克多诺 斯科特·怀南特 文斯·吉里根 / 布莱恩·科兰斯顿 亚伦·保尔
3708709168,绝命毒师  第三季,,https://img1.doubanio.com/view/photo/m_ratio_poster/public/p1674838460.jpg,2010-03-21(美国),https://movie.douban.com/subject/4256328/,9.3,"剧情,犯罪",5,,,2023-03-02 16:36:43,2010 / 美国 / 剧情 犯罪 / 布莱恩·科兰斯顿 亚当·伯恩斯坦 米歇尔·麦克拉伦 斯科特·怀南特 约翰·伦克 约翰·施班 科林·巴克西 迈克尔·斯洛维斯 莱恩·约翰逊 文斯·吉里根 / 布莱恩·科兰斯顿 亚伦·保尔
3708709039,绝命毒师  第二季,,https://img9.doubanio.com/view/photo/m_ratio_poster/public/p2016505705.jpg,2009-03-08(美国),https://movie.douban.com/subject/3586996/,9.3,"剧情,犯罪",5,,,2023-03-02 16:36:33,2009 / 美国 / 剧情 犯罪 / 亚当·伯恩斯坦 米歇尔·麦克拉伦 布莱恩·科兰斯顿 查尔斯·海德 泰瑞·麦克多诺 约翰·达尔 约翰·伦克 彼得·梅达克 费利克斯·恩里克斯·阿尔科拉 菲尔·亚伯拉罕 科林·巴克西 / 布莱恩·科兰斯顿 亚伦·保尔
3708708205,绝命毒师 第一季,,https://img1.doubanio.com/view/photo/m_ratio_poster/public/p2153214457.jpg,2008-01-20(美国),https://movie.douban.com/subject/2373195/,9.2,"剧情,犯罪",5,,,2023-03-02 16:35:32,2008 / 美国 / 剧情 犯罪 / 亚当·伯恩斯坦 文斯·吉里根 翠西亚·布洛克 蒂姆·亨特 吉姆·麦凯 布朗温·休斯 / 布莱恩·科兰斯顿 亚伦·保尔
3708706796,魔女宅急便,,https://img2.doubanio.com/view/photo/m_ratio_poster/public/p456676352.jpg,1989-07-29(日本),https://movie.douban.com/subject/1307811/,8.7,"动画,奇幻,冒险",4,,,2023-03-02 16:33:47,1989 / 日本 / 动画 奇幻 冒险 / 宫崎骏 / 高山南 佐久间玲
3708704713,钢琴家,,https://img2.doubanio.com/view/photo/m_ratio_poster/public/p1381339291.jpg,2002-05-24(戛纳电影节),https://movie.douban.com/subject/1296736/,9.3,"剧情,音乐,传记",5,,,2023-03-02 16:31:08,2002 / 英国 法国 波兰 德国 / 剧情 音乐 传记 战争 / 罗曼·波兰斯基 / 艾德里安·布洛迪 托马斯·克莱舒曼
3708701781,黑白魔女库伊拉,,https://img9.doubanio.com/view/photo/m_ratio_poster/public/p2653946775.jpg,2021-06-06(中国大陆),https://movie.douban.com/subject/26703121/,6.8,"喜剧,犯罪",3,,,2023-03-02 16:27:26,2021 / 美国 / 喜剧 犯罪 / 克雷格·吉勒斯佩 / 艾玛·斯通 艾玛·汤普森
3708699418,重返十七岁,,https://img1.doubanio.com/view/photo/m_ratio_poster/public/p477810397.jpg,2009-04-17(美国),https://movie.douban.com/subject/2213591/,7.4,"剧情,喜剧,爱情",4,,,2023-03-02 16:24:27,2009 / 美国 / 剧情 喜剧 爱情 / 布尔·斯蒂尔斯 / 扎克·埃夫隆 莱斯利·曼恩
2671979898,海街日记,,https://img1.doubanio.com/view/photo/m_ratio_poster/public/p2603364117.jpg,2015-05-14(戛纳电影节),https://movie.douban.com/subject/25895901/,8.8,"剧情,家庭",5,,,2023-03-02 16:23:01,2015 / 日本 / 剧情 家庭 / 是枝裕和 / 绫濑遥 长泽雅美
3003632997,本杰明·巴顿奇事,,https://img2.doubanio.com/view/photo/m_ratio_poster/public/p2192535722.jpg,2008-12-25(美国),https://movie.douban.com/subject/1485260/,9,"剧情,爱情,奇幻",5,,,2023-03-02 16:22:41,2008 / 美国 / 剧情 爱情 奇幻 / 大卫·芬奇 / 凯特·布兰切特 布拉德·皮特
3708697641,怪奇物语 第一季,,https://img1.doubanio.com/view/photo/m_ratio_poster/public/p2364206200.jpg,2016-07-15(美国),https://movie.douban.com/subject/26359270/,9,"剧情,恐怖,奇幻",4,,,2023-03-02 16:22:08,2016 / 美国 / 剧情 恐怖 奇幻 / 肖恩·利维 马特·达菲 罗斯·达菲 / 米莉·波比·布朗 薇诺娜·瑞德
3708697460,星期三 第一季,,https://img1.doubanio.com/view/photo/m_ratio_poster/public/p2881559729.jpg,2022-11-23(美国),https://movie.douban.com/subject/35364243/,7.8,"喜剧,悬疑,犯罪",4,,,2023-03-02 16:21:53,2022 / 美国 / 喜剧 悬疑 犯罪 奇幻 / 蒂姆·波顿 甘加·蒙泰罗 詹姆斯·马歇尔 / 珍娜·奥尔特加 格温多兰·克里斯蒂
3708697130,登堂入室,,https://img1.doubanio.com/view/photo/m_ratio_poster/public/p1581587840.jpg,2012-10-10(法国),https://movie.douban.com/subject/6537486/,8.5,"剧情,悬疑",4,,,2023-03-02 16:21:26,2012 / 法国 / 剧情 悬疑 / 弗朗索瓦·欧容 / 法布莱斯·鲁奇尼 恩斯特·吴默埃
3707779565,为黛西小姐开车,,https://img1.doubanio.com/view/photo/m_ratio_poster/public/p861513408.jpg,1989-12-13,https://movie.douban.com/subject/1293204/,8.3,"剧情,喜剧",5,,"感动,人生",2023-03-01 16:52:22,1989 / 美国 / 剧情 喜剧 / 布鲁斯·贝尔斯福德 / 摩根·弗里曼 杰西卡·坦迪
3439191833,与玛格丽特的午后,,https://img1.doubanio.com/view/photo/m_ratio_poster/public/p855075428.jpg,2010-06-02(法国),https://movie.douban.com/subject/3796613/,9,喜剧,5,,,2022-07-30 01:25:34,2010 / 法国 / 喜剧 / 让·贝克 / 热拉尔·德帕迪约 吉赛勒·卡扎德絮
3439189839,叶问4：完结篇,,https://img9.doubanio.com/view/photo/m_ratio_poster/public/p2577578115.jpg,2019-12-20(中国大陆),https://movie.douban.com/subject/26885074/,6.8,"剧情,动作",,,,2022-07-30 01:23:19,2019 / 中国大陆 中国香港 / 剧情 动作 / 叶伟信 / 甄子丹 吴樾
3439189484,叶问3,,https://img9.doubanio.com/view/photo/m_ratio_poster/public/p2322954776.jpg,2016-03-04(中国大陆),https://movie.douban.com/subject/11598977/,6.7,"剧情,动作,传记",,,,2022-07-30 01:22:56,2015 / 中国大陆 中国香港 / 剧情 动作 传记 历史 / 叶伟信 / 甄子丹 迈克·泰森
3439189117,加勒比海盗4：惊涛怪浪,,https://img2.doubanio.com/view/photo/m_ratio_poster/public/p995422651.jpg,2011-05-20(中国大陆),https://movie.douban.com/subject/3227410/,7.8,"动作,奇幻,冒险",,,,2022-07-30 01:22:29,2011 / 美国 / 动作 奇幻 冒险 / 罗伯·马歇尔 / 约翰尼·德普 佩内洛普·克鲁兹
3439189105,加勒比海盗3：世界的尽头,,https://img1.doubanio.com/view/photo/m_ratio_poster/public/p2407916208.jpg,2007-06-12(中国大陆),https://movie.douban.com/subject/1418192/,8.3,"动作,奇幻,冒险",,,,2022-07-30 01:22:28,2007 / 美国 / 动作 奇幻 冒险 / 戈尔·维宾斯基 / 约翰尼·德普 杰弗里·拉什
3439189086,加勒比海盗2：聚魂棺,,https://img2.doubanio.com/view/photo/m_ratio_poster/public/p1076822803.jpg,2006-07-07(美国),https://movie.douban.com/subject/1315574/,8.4,"动作,奇幻,冒险",,,,2022-07-30 01:22:27,2006 / 美国 / 动作 奇幻 冒险 / 戈尔·维宾斯基 / 约翰尼·德普 奥兰多·布鲁姆
3439189068,加勒比海盗,,https://img9.doubanio.com/view/photo/m_ratio_poster/public/p1596085504.jpg,2003-11-21(中国大陆),https://movie.douban.com/subject/1298070/,8.8,"动作,奇幻,冒险",,,,2022-07-30 01:22:26,2003 / 美国 / 动作 奇幻 冒险 / 戈尔·维宾斯基 / 约翰尼·德普 杰弗里·拉什
3439188961,加勒比海盗5：死无对证,,https://img9.doubanio.com/view/photo/m_ratio_poster/public/p2459723975.jpg,2017-05-26(中国大陆),https://movie.douban.com/subject/6311303/,7.2,"动作,奇幻,冒险",,,,2022-07-30 01:22:16,2017 / 美国 / 动作 奇幻 冒险 / 艾斯彭·山德伯格 乔阿吉姆·罗恩尼 / 约翰尼·德普 布伦顿·思韦茨
3439186748,摆渡人,,https://img2.doubanio.com/view/photo/m_ratio_poster/public/p2390687452.jpg,2016-12-23(中国大陆),https://movie.douban.com/subject/25911694/,4.1,"喜剧,爱情",,,,2022-07-30 01:19:46,2016 / 中国大陆 中国香港 / 喜剧 爱情 / 张嘉佳 / 梁朝伟 金城武
3439184206,白蛇：缘起,,https://img9.doubanio.com/view/photo/m_ratio_poster/public/p2544313786.jpg,2019-01-11(中国大陆),https://movie.douban.com/subject/30331149/,7.8,"爱情,动画,奇幻",,,,2022-07-30 01:17:37,2019 / 中国大陆 美国 / 爱情 动画 奇幻 / 黄家康 赵霁 / 张喆 杨天翔
3439182235,无敌破坏王2：大闹互联网,,https://img2.doubanio.com/view/photo/m_ratio_poster/public/p2537667301.jpg,2018-11-23(中国大陆),https://movie.douban.com/subject/20438964/,8,"喜剧,动画,奇幻",,,,2022-07-30 01:15:39,2018 / 美国 / 喜剧 动画 奇幻 冒险 / 菲尔·约翰斯顿 瑞奇·摩尔 / 约翰·C·赖利 萨拉·西尔弗曼
3439181941,夏洛特烦恼,,https://img2.doubanio.com/view/photo/m_ratio_poster/public/p2264377763.jpg,2015-09-30(中国大陆),https://movie.douban.com/subject/25964071/,7.8,"喜剧,爱情",,,,2022-07-30 01:15:21,2015 / 中国大陆 / 喜剧 爱情 / 闫非 彭大魔 / 沈腾 马丽
3439180707,旺达幻视,,https://img2.doubanio.com/view/photo/m_ratio_poster/public/p2628036511.jpg,2021-01-15(美国),https://movie.douban.com/subject/30331433/,9,"剧情,科幻",,,,2022-07-30 01:14:10,2021 / 美国 / 剧情 科幻 / 马特·沙克曼 / 伊丽莎白·奥尔森 保罗·贝坦尼
3439180538,X特遣队：全员集结,,https://img9.doubanio.com/view/photo/m_ratio_poster/public/p2637099125.jpg,2021-07-28(法国),https://movie.douban.com/subject/26741632/,8,"喜剧,动作,科幻",,,,2022-07-30 01:14:01,2021 / 美国 加拿大 英国 / 喜剧 动作 科幻 冒险 / 詹姆斯·古恩 / 玛格特·罗比 伊德里斯·艾尔巴
3439179248,神奇女侠1984,,https://img1.doubanio.com/view/photo/m_ratio_poster/public/p2626959989.jpg,2020-12-18(中国大陆),https://movie.douban.com/subject/27073752/,6.1,"动作,奇幻,冒险",,,,2022-07-30 01:12:46,2020 / 美国 英国 西班牙 / 动作 奇幻 冒险 / 派蒂·杰金斯 / 盖尔·加朵 克里斯·派恩
3439179105,毒液2,,https://img1.doubanio.com/view/photo/m_ratio_poster/public/p2675102928.jpg,2021-10-01(美国),https://movie.douban.com/subject/30382416/,5,"动作,科幻,惊悚",,,,2022-07-30 01:12:37,2021 / 美国 / 动作 科幻 惊悚 / 安迪·瑟金斯 / 汤姆·哈迪 伍迪·哈里森
3439178983,黑寡妇,,https://img1.doubanio.com/view/photo/m_ratio_poster/public/p2665872718.jpg,2021-07-07(中国香港),https://movie.douban.com/subject/25828589/,6.2,"动作,科幻,冒险",,,,2022-07-30 01:12:28,2021 / 美国 / 动作 科幻 冒险 / 凯特·绍特兰 / 斯嘉丽·约翰逊 弗洛伦丝·皮尤
3439178656,蜘蛛侠：英雄无归,,https://img9.doubanio.com/view/photo/m_ratio_poster/public/p2730024046.jpg,2021-12-15(中国台湾),https://movie.douban.com/subject/26933210/,6.6,"动作,科幻,奇幻",,,,2022-07-30 01:12:05,2021 / 美国 / 动作 科幻 奇幻 冒险 / 乔·沃茨 / 汤姆·赫兰德 赞达亚
3439178495,哥斯拉大战金刚,,https://img9.doubanio.com/view/photo/m_ratio_poster/public/p2634745654.jpg,2021-03-26(中国大陆),https://movie.douban.com/subject/26613692/,6.3,"动作,科幻,冒险",,,,2022-07-30 01:11:54,2021 / 美国 澳大利亚 加拿大 印度 / 动作 科幻 冒险 / 亚当·温加德 / 亚历山大·斯卡斯加德 米莉·波比·布朗
3439172297,莫斯科陷落,,https://img2.doubanio.com/view/photo/m_ratio_poster/public/p2412059661.jpg,2018-02-02(中国大陆),https://movie.douban.com/subject/26796845/,4.8,"科幻,灾难",,,,2022-07-30 01:06:46,2017 / 俄罗斯 / 科幻 灾难 / 费奥多尔·邦达尔丘克 / 伊琳娜·斯达申鲍姆 亚历山大·佩特罗夫
3439171157,哥斯拉,,https://img9.doubanio.com/view/photo/m_ratio_poster/public/p2185227574.jpg,2014-06-13(中国大陆),https://movie.douban.com/subject/2063914/,6.6,"动作,科幻,冒险",,,,2022-07-30 01:05:29,2014 / 美国 日本 / 动作 科幻 冒险 灾难 / 加里斯·爱德华斯 / 亚伦·泰勒-约翰逊 卡梅隆·CJ·亚当斯
3439170122,举起手来！,,https://img1.doubanio.com/view/photo/m_ratio_poster/public/p2628450928.jpg,,https://movie.douban.com/subject/1394968/,7.2,"喜剧,战争",,,,2022-07-30 01:04:21,2003 / 中国大陆 / 喜剧 战争 / 冯小宁 / 郭达 潘长江
3439169207,火星救援,,https://img2.doubanio.com/view/photo/m_ratio_poster/public/p2280097442.jpg,2015-11-25(中国大陆),https://movie.douban.com/subject/25864085/,8.5,"剧情,科幻,冒险",,,,2022-07-30 01:03:27,2015 / 英国 美国 匈牙利 约旦 / 剧情 科幻 冒险 / 雷德利·斯科特 / 马特·达蒙 杰西卡·查斯坦
1934677321,夏目友人帐,,https://img1.doubanio.com/view/photo/m_ratio_poster/public/p2546745948.jpg,2019-03-07(中国大陆),https://movie.douban.com/subject/27166442/,8,"剧情,动画,奇幻",,,,2022-07-30 01:02:06,2018 / 日本 / 剧情 动画 奇幻 / 大森贵弘 伊藤秀树 / 神谷浩史 井上和彦
3439166413,误杀2,,https://img9.doubanio.com/view/photo/m_ratio_poster/public/p2770857575.jpg,2021-12-17(中国大陆),https://movie.douban.com/subject/35068653/,5.7,"剧情,犯罪",,,,2022-07-30 01:01:50,2021 / 中国大陆 / 剧情 犯罪 / 戴墨 / 肖央 任达华
2983386358,史密斯夫妇,,https://img9.doubanio.com/view/photo/m_ratio_poster/public/p1677402144.jpg,2005-07-08(中国大陆),https://movie.douban.com/subject/1309199/,7.8,"喜剧,动作,爱情",,,,2022-07-30 01:01:02,2005 / 美国 / 喜剧 动作 爱情 / 道格·里曼 / 布拉德·皮特 安吉丽娜·朱莉
2995866467,时空恋旅人,,https://img9.doubanio.com/view/photo/m_ratio_poster/public/p2070153774.jpg,2013-09-04(英国),https://movie.douban.com/subject/10577869/,8.8,"喜剧,爱情,奇幻",5,,,2022-07-30 01:00:50,2013 / 英国 / 喜剧 爱情 奇幻 / 理查德·柯蒂斯 / 多姆纳尔·格里森 瑞秋·麦克亚当斯
3439164529,你好，李焕英,,https://img1.doubanio.com/view/photo/m_ratio_poster/public/p2629056068.jpg,2021-02-12(中国大陆),https://movie.douban.com/subject/34841067/,7.7,"剧情,喜剧,奇幻",,,,2022-07-30 01:00:19,2021 / 中国大陆 / 剧情 喜剧 奇幻 / 贾玲 / 贾玲 张小斐
2933223644,7号房的礼物,,https://img9.doubanio.com/view/photo/m_ratio_poster/public/p1816276065.jpg,2013-01-23(韩国),https://movie.douban.com/subject/10777687/,8.9,"剧情,喜剧,家庭",5,,感人,2021-07-02 12:02:48,2013 / 韩国 / 剧情 喜剧 家庭 / 李焕庆 / 柳承龙 朴信惠
2933219959,拯救大兵瑞恩,,https://img9.doubanio.com/view/photo/m_ratio_poster/public/p1014542496.jpg,1998-11-13(中国大陆),https://movie.douban.com/subject/1292849/,9.1,"剧情,战争",5,,,2021-06-29 00:23:37,1998 / 美国 / 剧情 战争 / 史蒂文·斯皮尔伯格 / 汤姆·汉克斯 汤姆·塞兹摩尔
2863913604,扎克·施奈德版正义联盟,,https://img9.doubanio.com/view/photo/m_ratio_poster/public/p2634360594.jpg,2021-05-03(中国大陆网络),https://movie.douban.com/subject/35076714/,8.1,"动作,科幻,奇幻",5,,DC,2021-05-04 13:25:22,2021 / 美国 / 动作 科幻 奇幻 冒险 / 扎克·施奈德 / 本·阿弗莱克 亨利·卡维尔
2672369719,可爱的骨头,,https://img1.doubanio.com/view/photo/m_ratio_poster/public/p2585074698.jpg,2009-12-26(新西兰),https://movie.douban.com/subject/1892531/,7.2,"剧情,惊悚,家庭",3,罗南很美。可爱的骨头，可怜的家庭，可恨的凶手。可更好的电影,,2021-01-15 23:10:45,2009 / 美国 英国 新西兰 / 剧情 惊悚 家庭 奇幻 / 彼得·杰克逊 / 西尔莎·罗南 马克·沃尔伯格
2668278219,流浪猫鲍勃,,https://img9.doubanio.com/view/photo/m_ratio_poster/public/p2535524955.jpg,2018-11-02(中国大陆),https://movie.douban.com/subject/26685451/,7.9,"剧情,喜剧,传记",,,,2020-12-31 16:56:43,2016 / 英国 / 剧情 喜剧 传记 / 罗杰·斯波蒂斯伍德 / 卢克·崔德威 猫鲍勃
2657965950,小妇人,,https://img9.doubanio.com/view/photo/m_ratio_poster/public/p2572928166.jpg,2020-08-25(中国大陆),https://movie.douban.com/subject/26348103/,8,"剧情,爱情",5,,"家庭,成长,女性",2020-12-31 01:43:03,2019 / 美国 / 剧情 爱情 / 格蕾塔·葛韦格 / 西尔莎·罗南 艾玛·沃森
2582551751,人鬼情未了,,https://img2.doubanio.com/view/photo/m_ratio_poster/public/p544574893.jpg,1990-07-13,https://movie.douban.com/subject/1293203/,8.3,"剧情,爱情,奇幻",4,ditto,love,2020-10-30 00:21:56,1990 / 美国 / 剧情 爱情 奇幻 / 杰瑞·扎克 / 帕特里克·斯威兹 黛米·摩尔
2581475352,心花路放,,https://img2.doubanio.com/view/photo/m_ratio_poster/public/p2221061003.jpg,2014-09-30(中国大陆),https://movie.douban.com/subject/25717233/,7.2,"喜剧,爱情",4,,,2020-10-29 00:01:49,2014 / 中国大陆 / 喜剧 爱情 / 宁浩 / 黄渤 徐峥
2581473646,爱在黎明破晓前,,https://img9.doubanio.com/view/photo/m_ratio_poster/public/p2555762374.jpg,1995-01-27(美国),https://movie.douban.com/subject/1296339/,8.8,"剧情,爱情",5,你们都是星宿，当星星在亿万年前爆炸时，它们形成了世上的一切，我们认识的一切都是星尘，所以别忘了，你们也是。,,2020-10-29 00:00:21,1995 / 美国 奥地利 瑞士 / 剧情 爱情 / 理查德·林克莱特 / 伊桑·霍克 朱莉·德尔佩
2428837647,遗愿清单,,https://img2.doubanio.com/view/photo/m_ratio_poster/public/p2676812053.jpg,2007-12-25(多伦多电影节),https://movie.douban.com/subject/1867345/,8.7,"剧情,喜剧,冒险",5,,人生,2020-10-25 22:27:51,2007 / 美国 / 剧情 喜剧 冒险 / 罗伯·莱纳 / 杰克·尼科尔森 摩根·弗里曼
2578042085,疯狂的麦克斯4：狂暴之路,,https://img2.doubanio.com/view/photo/m_ratio_poster/public/p2236181653.jpg,2015-05-14(澳大利亚),https://movie.douban.com/subject/3592854/,8.7,"动作,科幻,冒险",4,,,2020-10-25 22:26:52,2015 / 澳大利亚 美国 / 动作 科幻 冒险 / 乔治·米勒 / 汤姆·哈迪 查理兹·塞隆
1934679444,怦然心动,,https://img1.doubanio.com/view/photo/m_ratio_poster/public/p501177648.jpg,2010-07-26(好莱坞首映),https://movie.douban.com/subject/3319755/,9.1,"剧情,喜剧,爱情",5,有些人浅薄，有些人金玉其外败絮其中，但是总有一天，你会遇到一个绚丽的人，她让你觉得你以前遇到过的所有人都只是浮云。,,2020-10-25 10:19:48,2010 / 美国 / 剧情 喜剧 爱情 / 罗伯·莱纳 / 玛德琳·卡罗尔 卡兰·麦克奥利菲
2555820026,夺冠,,https://img2.doubanio.com/view/photo/m_ratio_poster/public/p2620083313.jpg,2020-09-25(中国大陆),https://movie.douban.com/subject/30128916/,7.1,"剧情,运动",5,,,2020-10-06 13:07:56,2020 / 中国大陆 中国香港 / 剧情 运动 / 陈可辛 / 巩俐 黄渤
2515445383,白头神探2½：恐怖的气味,,https://img9.doubanio.com/view/photo/m_ratio_poster/public/p1036751766.jpg,1991-06-28,https://movie.douban.com/subject/1305096/,7.9,"喜剧,动作,犯罪",3,,,2020-09-01 21:57:18,1991 / 美国 / 喜剧 动作 犯罪 / 大卫·扎克 / 莱斯利·尼尔森 普瑞希拉·普雷斯利
2515445218,白头神探,,https://img1.doubanio.com/view/photo/m_ratio_poster/public/p2136952828.jpg,1988-12-02(美国),https://movie.douban.com/subject/1302176/,7.9,"喜剧,动作,爱情",4,,,2020-09-01 21:57:10,1988 / 美国 / 喜剧 动作 爱情 犯罪 / 大卫·扎克 / 莱斯利·尼尔森 普瑞希拉·普雷斯利
2509388853,调音师,,https://img1.doubanio.com/view/photo/m_ratio_poster/public/p2551995207.jpg,2019-04-03(中国大陆),https://movie.douban.com/subject/30334073/,8.2,"喜剧,悬疑,惊悚",4,,反转,2020-08-28 00:24:15,2018 / 印度 / 喜剧 悬疑 惊悚 犯罪 / 斯里兰姆·拉格万 / 阿尤斯曼·库拉纳 塔布
2504749561,小萝莉的猴神大叔,,https://img9.doubanio.com/view/photo/m_ratio_poster/public/p2510956726.jpg,2018-03-02(中国大陆),https://movie.douban.com/subject/26393561/,8.4,"剧情,喜剧,动作",5,,"大爱无疆,温情",2020-08-24 11:58:20,2015 / 印度 / 剧情 喜剧 动作 / 卡比尔·汗 / 萨尔曼·汗 哈莎莉·马洛特拉
2497276926,海豚湾,,https://img1.doubanio.com/view/photo/m_ratio_poster/public/p2559579779.jpg,2009-07-31(美国),https://movie.douban.com/subject/3442220/,9.3,纪录片,,资本和残忍,,2020-08-18 18:20:36,2009 / 美国 / 纪录片 / 路易·西霍尤斯 / Richard O'Barry 路易·西霍尤斯
2495822514,我是传奇,,https://img9.doubanio.com/view/photo/m_ratio_poster/public/p574158935.jpg,2007-12-14(美国),https://movie.douban.com/subject/1820156/,8.1,"剧情,动作,惊悚",4,,,2020-08-17 16:10:06,2007 / 美国 / 剧情 动作 惊悚 冒险 / 弗朗西斯·劳伦斯 / 威尔·史密斯 艾莉丝·布拉加
1933232214,何以为家,,https://img1.doubanio.com/view/photo/m_ratio_poster/public/p2555295759.jpg,2019-04-29(中国大陆),https://movie.douban.com/subject/30170448/,9.1,剧情,4,,,2020-08-15 15:13:06,2018 / 黎巴嫩 美国 法国 塞浦路斯 卡塔尔 英国 / 剧情 / 娜丁·拉巴基 / 赞恩·阿尔·拉菲亚 约丹诺斯·希费罗
2428836370,绿里奇迹,,https://img2.doubanio.com/view/photo/m_ratio_poster/public/p767586451.jpg,1999-12-10(美国),https://movie.douban.com/subject/1300374/,8.9,"剧情,悬疑,犯罪",4,,汤姆·汉克斯,2020-08-14 19:58:47,1999 / 美国 / 剧情 悬疑 犯罪 奇幻 / 弗兰克·德拉邦特 / 汤姆·汉克斯 大卫·摩斯
2489282063,王牌特工：特工学院,,https://img9.doubanio.com/view/photo/m_ratio_poster/public/p2231932406.jpg,2015-03-27(中国大陆),https://movie.douban.com/subject/24405378/,8.4,"喜剧,动作,冒险",,,,2020-08-13 17:56:56,2014 / 英国 美国 / 喜剧 动作 冒险 / 马修·沃恩 / 塔伦·埃哲顿 科林·费尔斯
2441891043,海蒂和爷爷,,https://img9.doubanio.com/view/photo/m_ratio_poster/public/p2554525534.jpg,2019-05-16(中国大陆),https://movie.douban.com/subject/25958717/,9.3,"剧情,家庭,冒险",5,天使天使,,2020-08-13 17:32:49,2015 / 德国 瑞士 / 剧情 家庭 冒险 / 阿兰·葛斯彭纳 / 阿努克·斯特芬 布鲁诺·冈茨
2476166706,湄公河行动,,https://img9.doubanio.com/view/photo/m_ratio_poster/public/p2380677316.jpg,2016-09-30(中国大陆),https://movie.douban.com/subject/25815034/,8,"剧情,动作,犯罪",4,3.8★,,2020-08-02 21:19:02,2016 / 中国大陆 中国香港 / 剧情 动作 犯罪 / 林超贤 / 张涵予 彭于晏
2473878306,让子弹飞,,https://img1.doubanio.com/view/photo/m_ratio_poster/public/p1512562287.jpg,2010-12-16(中国大陆),https://movie.douban.com/subject/3742360/,9,"剧情,喜剧,动作",4,,"黑色幽默,剧情",2020-07-31 23:54:25,2010 / 中国大陆 中国香港 / 剧情 喜剧 动作 西部 / 姜文 / 姜文 葛优
2473339380,幸福终点站,,https://img1.doubanio.com/view/photo/m_ratio_poster/public/p854757687.jpg,2005-01-14(中国大陆),https://movie.douban.com/subject/1292274/,8.8,"剧情,喜剧,爱情",4,,温情,2020-07-31 15:36:16,2004 / 美国 / 剧情 喜剧 爱情 / 史蒂文·斯皮尔伯格 / 汤姆·汉克斯 凯瑟琳·泽塔-琼斯
2472255209,国王的演讲,,https://img1.doubanio.com/view/photo/m_ratio_poster/public/p768879237.jpg,2012-02-24(中国大陆),https://movie.douban.com/subject/4023638/,8.4,"剧情,传记,历史",4,想象着你最好的朋友在听你说话，你要说给她听,,2020-07-30 16:17:54,2010 / 英国 澳大利亚 美国 / 剧情 传记 历史 / 汤姆·霍伯 / 科林·费尔斯 杰弗里·拉什
1933203419,泰坦尼克号,,https://img9.doubanio.com/view/photo/m_ratio_poster/public/p457760035.jpg,1998-04-03(中国大陆),https://movie.douban.com/subject/1292722/,9.5,"剧情,爱情,灾难",5,最后的钻石也和道森一起沉入海底了,,2020-07-26 01:01:37,1997 / 美国 墨西哥 澳大利亚 加拿大 / 剧情 爱情 灾难 / 詹姆斯·卡梅隆 / 莱昂纳多·迪卡普里奥 凯特·温丝莱特
2466960943,绝杀慕尼黑,,https://img2.doubanio.com/view/photo/m_ratio_poster/public/p2556883031.jpg,2019-06-13(中国大陆),https://movie.douban.com/subject/27024959/,8.1,"剧情,运动",,,,2020-07-25 22:42:38,2017 / 俄罗斯 / 剧情 运动 / 安东·梅格尔季切夫 / 弗拉基米尔·马什科夫 约翰·萨维奇
2466601567,指环王3：王者无敌,,https://img2.doubanio.com/view/photo/m_ratio_poster/public/p2642829472.jpg,2004-03-12(中国大陆),https://movie.douban.com/subject/1291552/,9.3,"剧情,动作,奇幻",4,,,2020-07-25 17:07:03,2003 / 美国 新西兰 / 剧情 动作 奇幻 冒险 / 彼得·杰克逊 / 伊利亚·伍德 西恩·奥斯汀
2466601009,指环王2：双塔奇兵,,https://img9.doubanio.com/view/photo/m_ratio_poster/public/p2640236255.jpg,2003-04-25(中国大陆),https://movie.douban.com/subject/1291572/,9.2,"剧情,动作,奇幻",4,,,2020-07-25 17:06:30,2002 / 美国 新西兰 / 剧情 动作 奇幻 冒险 / 彼得·杰克逊 / 伊利亚·伍德 西恩·奥斯汀
2466600809,指环王1：护戒使者,,https://img9.doubanio.com/view/photo/m_ratio_poster/public/p2373910134.jpg,2002-04-04(中国大陆),https://movie.douban.com/subject/1291571/,9.1,"剧情,动作,奇幻",4,,,2020-07-25 17:06:18,2001 / 新西兰 美国 / 剧情 动作 奇幻 冒险 / 彼得·杰克逊 / 伊利亚·伍德 西恩·奥斯汀
2466008768,霍比特人3：五军之战,,https://img9.doubanio.com/view/photo/m_ratio_poster/public/p2219406504.jpg,2015-01-23(中国大陆),https://movie.douban.com/subject/2973079/,8.6,"动作,奇幻,冒险",4,,,2020-07-25 00:50:40,2014 / 美国 新西兰 / 动作 奇幻 冒险 / 彼得·杰克逊 / 马丁·弗瑞曼 伊恩·麦克莱恩
2466008408,霍比特人2：史矛革之战,,https://img9.doubanio.com/view/photo/m_ratio_poster/public/p2166784595.jpg,2014-02-21(中国大陆),https://movie.douban.com/subject/11606328/,8.5,"动作,奇幻,冒险",4,,,2020-07-25 00:50:18,2013 / 美国 新西兰 / 动作 奇幻 冒险 / 彼得·杰克逊 / 伊恩·麦克莱恩 马丁·弗瑞曼
2466008155,霍比特人1：意外之旅,,https://img9.doubanio.com/view/photo/m_ratio_poster/public/p2159038705.jpg,2013-02-22(中国大陆),https://movie.douban.com/subject/1966182/,8.4,"动作,奇幻,冒险",4,,,2020-07-25 00:50:02,2012 / 美国 新西兰 / 动作 奇幻 冒险 / 彼得·杰克逊 / 伊恩·麦克莱恩 马丁·弗瑞曼
2454556674,无间道,,https://img2.doubanio.com/view/photo/m_ratio_poster/public/p2564556863.jpg,2003-09-05(中国大陆),https://movie.douban.com/subject/1307914/,9.3,"剧情,惊悚,犯罪",5,经典,警匪,2020-07-15 18:51:39,2002 / 中国香港 / 剧情 惊悚 犯罪 / 刘伟强 麦兆辉 / 刘德华 梁朝伟
2453014557,超人：钢铁之躯,,https://img2.doubanio.com/view/photo/m_ratio_poster/public/p1968975252.jpg,2013-06-20(中国大陆),https://movie.douban.com/subject/2049435/,7.3,"动作,科幻,冒险",4,,"DC,超级英雄",2020-07-14 12:08:05,2013 / 美国 英国 / 动作 科幻 冒险 / 扎克·施奈德 / 亨利·卡维尔 艾米·亚当斯
2442740918,萤火之森,,https://img2.doubanio.com/view/photo/m_ratio_poster/public/p1675053073.jpg,2011-09-17(日本),https://movie.douban.com/subject/5989818/,8.9,"剧情,爱情,动画",,,,2020-07-13 23:34:04,2011 / 日本 / 剧情 爱情 动画 奇幻 / 大森贵弘 / 佐仓绫音 内山昂辉
2449464934,驯龙高手3,,https://img2.doubanio.com/view/photo/m_ratio_poster/public/p2546335362.jpg,2019-03-01(中国大陆),https://movie.douban.com/subject/19899707/,7.4,"动画,奇幻,冒险",4,,,2020-07-11 12:29:46,2019 / 美国 / 动画 奇幻 冒险 / 迪恩·德布洛斯 / 杰伊·巴鲁切尔 亚美莉卡·费雷拉
2449462136,金刚狼3：殊死一战,,https://img1.doubanio.com/view/photo/m_ratio_poster/public/p2431980130.jpg,2017-03-03(中国大陆),https://movie.douban.com/subject/25765735/,8.3,"剧情,动作,科幻",,,,2020-07-11 12:27:13,2017 / 美国 / 剧情 动作 科幻 / 詹姆斯·曼高德 / 休·杰克曼 帕特里克·斯图尔特
2449461977,X战警：黑凤凰,,https://img1.doubanio.com/view/photo/m_ratio_poster/public/p2555886490.jpg,2019-06-06(中国大陆),https://movie.douban.com/subject/26667010/,5.7,"动作,科幻,冒险",3,,,2020-07-11 12:27:03,2019 / 美国 加拿大 / 动作 科幻 冒险 / 西蒙·金伯格 / 苏菲·特纳 詹姆斯·麦卡沃伊
2449461172,镰仓物语,,https://img1.doubanio.com/view/photo/m_ratio_poster/public/p2532008868.jpg,2018-09-14(中国大陆),https://movie.douban.com/subject/26916229/,6.9,"剧情,奇幻",3,,,2020-07-11 12:26:11,2017 / 日本 / 剧情 奇幻 / 山崎贵 / 堺雅人 高畑充希
2449460136,惊天魔盗团2,,https://img9.doubanio.com/view/photo/m_ratio_poster/public/p2355440566.jpg,2016-06-24(中国大陆),https://movie.douban.com/subject/25662337/,6.9,"剧情,悬疑,犯罪",3,,"魔术,喜剧",2020-07-11 12:25:08,2016 / 美国 / 剧情 悬疑 犯罪 / 朱浩伟 / 杰西·艾森伯格 马克·鲁弗洛
2449459874,圆梦巨人,,https://img1.doubanio.com/view/photo/m_ratio_poster/public/p2386736909.jpg,2016-10-14(中国大陆),https://movie.douban.com/subject/25875021/,6.8,"奇幻,冒险",4,,"迪士尼,奇幻",2020-07-11 12:24:52,2016 / 美国 英国 / 奇幻 冒险 / 史蒂文·斯皮尔伯格 / 鲁比·巴恩希尔 马克·里朗斯
2039141589,菊次郎的夏天,,https://img9.doubanio.com/view/photo/m_ratio_poster/public/p2620392435.jpg,2020-09-25(中国大陆),https://movie.douban.com/subject/1293359/,8.9,"剧情,喜剧",5,最纯粹的美好，快乐哈哈太棒了。,菊次郎的夏天,2020-07-11 00:24:52,1999 / 日本 / 剧情 喜剧 / 北野武 / 北野武 关口雄介
2446136845,我在雨中等你,,https://img2.doubanio.com/view/photo/m_ratio_poster/public/p2557226052.jpg,2019-08-09(美国),https://movie.douban.com/subject/3882427/,8.4,"剧情,喜剧,爱情",4,,"狗狗,人生,温情",2020-07-08 16:18:08,2019 / 美国 / 剧情 喜剧 爱情 运动 / 西蒙·柯蒂斯 / 凯文·科斯特纳 米洛·文堤米利亚
2446128832,一条狗的使命2,,https://img1.doubanio.com/view/photo/m_ratio_poster/public/p2555859678.jpg,2019-05-17(中国大陆),https://movie.douban.com/subject/27074316/,6.9,"剧情,喜剧,家庭",5,,,2020-07-08 10:50:01,2019 / 中国大陆 印度 中国香港 美国 / 剧情 喜剧 家庭 / 盖尔·曼库索 / 丹尼斯·奎德 凯瑟琳·普雷斯科特
2445142809,勇敢者游戏2：再战巅峰,,https://img2.doubanio.com/view/photo/m_ratio_poster/public/p2575911093.jpg,2019-12-06(中国大陆),https://movie.douban.com/subject/30128985/,5.9,"喜剧,动作,奇幻",2,一般,,2020-07-07 11:53:10,2019 / 美国 / 喜剧 动作 奇幻 冒险 / 杰克·卡斯丹 / 道恩·强森 凯伦·吉兰
2442736683,我和我的祖国,,https://img1.doubanio.com/view/photo/m_ratio_poster/public/p2567998580.jpg,2019-09-30(中国大陆),https://movie.douban.com/subject/32659890/,7.6,剧情,4,,,2020-07-05 10:07:28,2019 / 中国大陆 / 剧情 / 陈凯歌 张一白 管虎 薛晓路 徐峥 宁浩 文牧野 / 黄渤 张译
2442736128,少年的你,,https://img2.doubanio.com/view/photo/m_ratio_poster/public/p2572166063.jpg,2019-10-25(中国大陆),https://movie.douban.com/subject/30166972/,8.2,"剧情,爱情,犯罪",3,,,2020-07-05 10:06:47,2019 / 中国大陆 中国香港 / 剧情 爱情 犯罪 / 曾国祥 / 周冬雨 易烊千玺
2441676678,一个叫欧维的男人决定去死,,https://img2.doubanio.com/view/photo/m_ratio_poster/public/p2406624993.jpg,2015-12-25(瑞典),https://movie.douban.com/subject/26628357/,8.9,剧情,5,,"人生,感动",2020-07-04 15:39:38,2015 / 瑞典 / 剧情 / 汉内斯·赫尔姆 / 罗夫·拉斯加德 巴哈·帕斯
2440684867,丧尸乐园2,,https://img2.doubanio.com/view/photo/m_ratio_poster/public/p2564153041.jpg,2019-10-09(中国台湾),https://movie.douban.com/subject/4185834/,6.9,"喜剧,动作,恐怖",4,,喜剧,2020-07-03 13:43:40,2019 / 美国 加拿大 / 喜剧 动作 恐怖 / 鲁本·弗雷斯彻 / 伍迪·哈里森 杰西·艾森伯格
2436314348,拆弹部队,,https://img1.doubanio.com/view/photo/m_ratio_poster/public/p770541118.jpg,2008-09-04(威尼斯电影节),https://movie.douban.com/subject/2028645/,7.8,"剧情,惊悚,战争",4,,,2020-06-29 16:37:45,2008 / 美国 / 剧情 惊悚 战争 / 凯瑟琳·毕格罗 / 杰瑞米·雷纳 安东尼·麦凯
2436177007,刺客信条,,https://img9.doubanio.com/view/photo/m_ratio_poster/public/p2432597986.jpg,2017-02-24(中国大陆),https://movie.douban.com/subject/11526817/,5.3,"动作,科幻,历史",3,,,2020-06-29 14:16:50,2016 / 美国 法国 英国 中国香港 中国台湾 马耳他 西班牙 加拿大 / 动作 科幻 历史 冒险 / 贾斯汀·库泽尔 / 迈克尔·法斯宾德 玛丽昂·歌迪亚
2432050816,降临,,https://img2.doubanio.com/view/photo/m_ratio_poster/public/p2411622421.jpg,2017-01-20(中国大陆),https://movie.douban.com/subject/21324900/,7.8,"剧情,科幻",3,,,2020-06-26 09:22:30,2016 / 美国 加拿大 / 剧情 科幻 / 丹尼斯·维伦纽瓦 / 艾米·亚当斯 杰瑞米·雷纳
2428849239,疾速追杀2,,https://img1.doubanio.com/view/photo/m_ratio_poster/public/p2425658978.jpg,2017-02-10(美国),https://movie.douban.com/subject/26333560/,7.8,"动作,惊悚,犯罪",,,,2020-06-23 16:36:15,2017 / 美国 中国香港 / 动作 惊悚 犯罪 / 查德·斯塔赫斯基 / 基努·里维斯 里卡多·斯卡马乔
2428849215,疾速追杀,,https://img1.doubanio.com/view/photo/m_ratio_poster/public/p2210801408.jpg,2014-10-24(美国),https://movie.douban.com/subject/25798131/,7.8,"动作,惊悚,犯罪",,,,2020-06-23 16:36:14,2014 / 美国 / 动作 惊悚 犯罪 / 大卫·雷奇 查德·斯塔赫斯基 / 基努·里维斯 迈克尔·恩奎斯特
2428849089,疾速追杀3,,https://img2.doubanio.com/view/photo/m_ratio_poster/public/p2551393832.jpg,2019-05-17(美国),https://movie.douban.com/subject/26909790/,7.9,"动作,惊悚,犯罪",4,,,2020-06-23 16:36:07,2019 / 美国 / 动作 惊悚 犯罪 / 查德·斯塔赫斯基 / 基努·里维斯 哈莉·贝瑞
2428848582,明日边缘,,https://img1.doubanio.com/view/photo/m_ratio_poster/public/p2185073849.jpg,2014-06-06(中国大陆),https://movie.douban.com/subject/4746257/,8.2,"动作,科幻",4,,,2020-06-23 16:35:36,2014 / 美国 加拿大 / 动作 科幻 / 道格·里曼 / 汤姆·克鲁斯 艾米莉·布朗特
2428844201,鹬,,https://img2.doubanio.com/view/photo/m_ratio_poster/public/p2373241302.jpg,2016-06-17(美国),https://movie.douban.com/subject/26766869/,9.4,"动画,短片",4,,短片,2020-06-23 16:30:56,2016 / 美国 / 动画 短片 / 艾伦·巴利拉罗
2428834435,无敌破坏王,,https://img9.doubanio.com/view/photo/m_ratio_poster/public/p1735642656.jpg,2012-11-06(中国大陆),https://movie.douban.com/subject/6534248/,8.7,"喜剧,动画,奇幻",3,,,2020-06-23 16:20:41,2012 / 美国 / 喜剧 动画 奇幻 冒险 / 瑞奇·摩尔 / 约翰·C·赖利 萨拉·西尔弗曼
2428831802,天使爱美丽,,https://img2.doubanio.com/view/photo/m_ratio_poster/public/p2447590313.jpg,2001-04-25(法国),https://movie.douban.com/subject/1292215/,8.7,"剧情,喜剧,爱情",5,,,2020-06-23 16:17:50,2001 / 法国 德国 / 剧情 喜剧 爱情 / 让-皮埃尔·热内 / 奥黛丽·塔图 马修·卡索维茨
1933232009,天气之子,,https://img9.doubanio.com/view/photo/m_ratio_poster/public/p2558022335.jpg,2019-11-01(中国大陆),https://movie.douban.com/subject/30402296/,7,"爱情,动画,奇幻",4,,,2020-06-23 16:15:53,2019 / 日本 / 爱情 动画 奇幻 / 新海诚 / 醍醐虎汰朗 森七菜
2428828924,风之谷,,https://img2.doubanio.com/view/photo/m_ratio_poster/public/p1917567652.jpg,1992-05(中国大陆),https://movie.douban.com/subject/1291585/,8.9,"动画,奇幻,冒险",,,,2020-06-23 16:14:53,1984 / 日本 / 动画 奇幻 冒险 / 宫崎骏 / 岛本须美 松田洋治
1934685046,哈尔的移动城堡,,https://img1.doubanio.com/view/photo/m_ratio_poster/public/p2174346180.jpg,2004-09-05(威尼斯电影节),https://movie.douban.com/subject/1308807/,9.1,"动画,奇幻,冒险",5,,"哈尔的移动城堡,宫崎峻",2020-06-23 16:14:32,2004 / 日本 / 动画 奇幻 冒险 / 宫崎骏 / 倍赏千惠子 木村拓哉
2428827720,疯狂动物城,,https://img1.doubanio.com/view/photo/m_ratio_poster/public/p2614500649.jpg,2016-03-04(中国大陆),https://movie.douban.com/subject/25662329/,9.2,"喜剧,动画,冒险",4,,"动画,喜剧,Disney",2020-06-23 16:13:33,2016 / 美国 / 喜剧 动画 冒险 / 拜伦·霍华德 瑞奇·摩尔 杰拉德·布什 / 金妮弗·古德温 杰森·贝特曼
2428827190,辛德勒的名单,,https://img2.doubanio.com/view/photo/m_ratio_poster/public/p492406163.jpg,1993-11-30(华盛顿首映),https://movie.douban.com/subject/1295124/,9.6,"剧情,历史,战争",5,辛德勒,,2020-06-23 16:13:02,1993 / 美国 / 剧情 历史 战争 / 史蒂文·斯皮尔伯格 / 连姆·尼森 本·金斯利
2127705312,哈利·波特与死亡圣器(下),,https://img9.doubanio.com/view/photo/m_ratio_poster/public/p1131848955.jpg,2011-08-04(中国大陆),https://movie.douban.com/subject/3011235/,9,"奇幻,冒险",,,,2020-01-09 17:43:25,2011 / 美国 英国 / 奇幻 冒险 / 大卫·叶茨 / 丹尼尔·雷德克里夫 艾玛·沃森
2127705296,哈利·波特与死亡圣器(上),,https://img9.doubanio.com/view/photo/m_ratio_poster/public/p719849995.jpg,2010-11-19(中国大陆),https://movie.douban.com/subject/2051007/,8.5,"奇幻,冒险",,,,2020-01-09 17:43:24,2010 / 英国 美国 / 奇幻 冒险 / 大卫·叶茨 / 丹尼尔·雷德克里夫 艾玛·沃森
2127705271,哈利·波特与混血王子,,https://img9.doubanio.com/view/photo/m_ratio_poster/public/p1108070214.jpg,2009-07-15(中国大陆),https://movie.douban.com/subject/1433330/,8.3,"奇幻,冒险",,,,2020-01-09 17:43:23,2009 / 英国 美国 / 奇幻 冒险 / 大卫·叶茨 / 丹尼尔·雷德克里夫 艾玛·沃森
2127705247,哈利·波特与凤凰社,,https://img1.doubanio.com/view/photo/m_ratio_poster/public/p443403700.jpg,2007-08-10(中国大陆),https://movie.douban.com/subject/1457217/,8.5,"奇幻,冒险",,,,2020-01-09 17:43:21,2007 / 英国 美国 / 奇幻 冒险 / 大卫·叶茨 / 丹尼尔·雷德克里夫 艾玛·沃森
2127705215,哈利·波特与火焰杯,,https://img9.doubanio.com/view/photo/m_ratio_poster/public/p735391084.jpg,2005-11-18(中国大陆),https://movie.douban.com/subject/1309055/,8.8,"悬疑,奇幻,冒险",,,,2020-01-09 17:43:20,2005 / 英国 美国 / 悬疑 奇幻 冒险 / 迈克·内威尔 / 丹尼尔·雷德克里夫 艾玛·沃森
2127705163,哈利·波特与密室,,https://img1.doubanio.com/view/photo/m_ratio_poster/public/p1082651990.jpg,2003-01-24(中国大陆),https://movie.douban.com/subject/1296996/,8.8,"奇幻,冒险",,,,2020-01-09 17:43:18,2002 / 英国 美国 / 奇幻 冒险 / 克里斯·哥伦布 / 丹尼尔·雷德克里夫 艾玛·沃森
2127704962,哈利·波特与阿兹卡班的囚徒,,https://img1.doubanio.com/view/photo/m_ratio_poster/public/p1910812549.jpg,2004-09-10(中国大陆),https://movie.douban.com/subject/1291544/,8.9,"奇幻,冒险",5,除你武器,,2020-01-09 17:43:08,2004 / 英国 美国 / 奇幻 冒险 / 阿方索·卡隆 / 丹尼尔·雷德克里夫 艾玛·沃森
2127701849,哈利·波特与魔法石,,https://img9.doubanio.com/view/photo/m_ratio_poster/public/p2614949805.jpg,2002-01-26(中国大陆),https://movie.douban.com/subject/1295038/,9.2,"奇幻,冒险",5,呼神守卫,"英国,魔幻,科幻,奇幻,经典,harrypotter,成长,冒险,2001,青春,剧情,小说改编",2020-01-09 17:40:22,2001 / 美国 英国 / 奇幻 冒险 / 克里斯·哥伦布 / 丹尼尔·雷德克里夫 艾玛·沃森
2127695726,海上钢琴师,,https://img9.doubanio.com/view/photo/m_ratio_poster/public/p2574551676.jpg,2019-11-15(中国大陆),https://movie.douban.com/subject/1292001/,9.3,"剧情,音乐",5,他最后也没有下船,,2020-01-09 17:35:50,1998 / 意大利 / 剧情 音乐 / 朱塞佩·托纳多雷 / 蒂姆·罗斯 普路特·泰勒·文斯
1934679328,美丽人生,,https://img2.doubanio.com/view/photo/m_ratio_poster/public/p2578474613.jpg,2020-01-03(中国大陆),https://movie.douban.com/subject/1292063/,9.6,"剧情,喜剧,爱情",5,太伟大了,,2020-01-09 17:34:34,1997 / 意大利 / 剧情 喜剧 爱情 战争 / 罗伯托·贝尼尼 / 罗伯托·贝尼尼 尼可莱塔·布拉斯基
2077764328,少年派的奇幻漂流,,https://img2.doubanio.com/view/photo/m_ratio_poster/public/p1784592701.jpg,2012-11-22(中国大陆),https://movie.douban.com/subject/1929463/,9.1,"剧情,奇幻,冒险",4,镜头画面非常美,剧情,2019-12-10 08:53:17,2012 / 美国 中国台湾 英国 加拿大 / 剧情 奇幻 冒险 / 李安 / 苏拉·沙玛 伊尔凡·可汗
2063751691,忠犬八公的故事,,https://img1.doubanio.com/view/photo/m_ratio_poster/public/p524964039.jpg,2009-06-13(西雅图电影节),https://movie.douban.com/subject/3011091/,9.4,剧情,5,感动于新叶变落叶，多少个转换轮回中，唯一不变的是矗立等待的身影。用这无言的守候来见证自己最诚挚，最纯洁的爱，也深深打动着身旁的人们。,感人,2019-11-30 19:15:54,2009 / 美国 英国 / 剧情 / 拉斯·霍尔斯道姆 / 理查·基尔 萨拉·罗默尔
2047218970,未知电视剧,,https://img2.doubanio.com/f/frodo/568eb8fac54d39fe599b0de8c3f2aee1dbc43cf0/pics/subject/tv_large.jpg,,https://movie.douban.com/subject/27098632/,0,,5,,"灾难,历史,2019,切尔诺贝利",2019-11-19 09:09:18,
2044359633,神奇动物在哪里,,https://img2.doubanio.com/view/photo/m_ratio_poster/public/p2392444121.jpg,2016-11-25(中国大陆),https://movie.douban.com/subject/25726614/,7.7,"剧情,奇幻,冒险",4,,,2019-11-17 11:18:00,2016 / 英国 美国 / 剧情 奇幻 冒险 / 大卫·叶茨 / 埃迪·雷德梅恩 凯瑟琳·沃特斯顿
2044358838,神奇动物：格林德沃之罪,,https://img1.doubanio.com/view/photo/m_ratio_poster/public/p2538826177.jpg,2018-11-16(中国大陆),https://movie.douban.com/subject/26147417/,7,"奇幻,冒险",4,,,2019-11-17 11:17:23,2018 / 美国 英国 / 奇幻 冒险 / 大卫·叶茨 / 埃迪·雷德梅恩 凯瑟琳·沃特斯顿
2043341570,妖猫传,,https://img1.doubanio.com/view/photo/m_ratio_poster/public/p2530249558.jpg,2017-12-22(中国大陆),https://movie.douban.com/subject/5350027/,6.9,"剧情,悬疑,奇幻",4,"“云想衣裳花想容，春风拂槛露华浓”。
千年以前的杨贵妃有多美，云霞是她的衣裳，花儿是她的颜容，她是大唐骄傲的象征。我看到了盛世大唐，也看到了杨贵妃身上的盛世大唐。","唐朝,杨贵妃",2019-11-16 18:58:58,2017 / 中国大陆 日本 / 剧情 悬疑 奇幻 古装 / 陈凯歌 / 黄轩 染谷将太
2042155548,霸王别姬,,https://img1.doubanio.com/view/photo/m_ratio_poster/public/p2561716440.jpg,1993-07-26(中国大陆),https://movie.douban.com/subject/1291546/,9.6,"剧情,爱情,同性",5,不疯魔不成活，虞姬是真虞姬，霸王是假霸王。,,2019-11-15 22:00:17,1993 / 中国大陆 中国香港 / 剧情 爱情 同性 / 陈凯歌 / 张国荣 张丰毅
2041145343,双子杀手,,https://img1.doubanio.com/view/photo/m_ratio_poster/public/p2554402180.jpg,2019-10-18(中国大陆),https://movie.douban.com/subject/3097572/,6.8,"剧情,动作,科幻",3,因为威神给3⭐,,2019-11-15 00:57:52,2019 / 美国 中国大陆 / 剧情 动作 科幻 / 李安 / 威尔·史密斯 玛丽·伊丽莎白·温斯特德
2041144682,小丑,,https://img9.doubanio.com/view/photo/m_ratio_poster/public/p2567198874.jpg,2019-08-31(威尼斯电影节),https://movie.douban.com/subject/27119724/,8.7,"剧情,惊悚,犯罪",5,哥谭的社会很黑暗，所以我只能变得比它更黑暗,"DC,心理",2019-11-15 00:57:07,2019 / 美国 加拿大 / 剧情 惊悚 犯罪 / 托德·菲利普斯 / 华金·菲尼克斯 罗伯特·德尼罗
1973090411,魔女,,https://img2.doubanio.com/view/photo/m_ratio_poster/public/p2524056711.jpg,2018-06-27(韩国),https://movie.douban.com/subject/26602900/,7.7,"动作,悬疑",3,茶余饭后看挺合适的，女主颜值真滴高,,2019-09-30 11:15:52,2018 / 韩国 / 动作 悬疑 / 朴勋政 / 金多美 赵敏修
1944187138,敦刻尔克,,https://img9.doubanio.com/view/photo/m_ratio_poster/public/p2494950714.jpg,2017-09-01(中国大陆),https://movie.douban.com/subject/26607693/,8.4,"剧情,历史,战争",4,,"战争,人性,历史",2019-09-08 12:12:41,2017 / 英国 法国 美国 荷兰 / 剧情 历史 战争 / 克里斯托弗·诺兰 / 菲恩·怀特海德 汤姆·格林-卡尼
1933203370,机器人总动员,,https://img2.doubanio.com/view/photo/m_ratio_poster/public/p1461851991.jpg,2008-06-27(美国),https://movie.douban.com/subject/2131459/,9.3,"科幻,动画,冒险",4,小瓦力，大力量,,2019-09-08 00:00:36,2008 / 美国 / 科幻 动画 冒险 / 安德鲁·斯坦顿 / 本·贝尔特 艾丽莎·奈特
1934681549,星际穿越,,https://img1.doubanio.com/view/photo/m_ratio_poster/public/p2614988097.jpg,2014-11-12(中国大陆),https://movie.douban.com/subject/1889243/,9.4,"剧情,科幻,冒险",4,超越时间和空间的爱。,"亲情,太空",2019-09-06 20:16:28,2014 / 美国 英国 加拿大 / 剧情 科幻 冒险 / 克里斯托弗·诺兰 / 马修·麦康纳 安妮·海瑟薇
1934680584,触不可及,,https://img9.doubanio.com/view/photo/m_ratio_poster/public/p1454261925.jpg,2011-11-02(法国),https://movie.douban.com/subject/6786002/,9.3,"剧情,喜剧",5,一部笑点和泪点都很经典的电影，立意和绿皮书差不多。感动温馨。真正的尊重不是同情，而是平等相待。,"感人,法国,温情",2019-09-01 16:30:45,2011 / 法国 / 剧情 喜剧 / 奥利维埃·纳卡什 埃里克·托莱达诺 / 弗朗索瓦·克鲁塞 奥玛·希
1933203463,飞屋环游记,,https://img2.doubanio.com/view/photo/m_ratio_poster/public/p2363116942.jpg,2009-08-04(中国大陆),https://movie.douban.com/subject/2129039/,9.1,"剧情,喜剧,动画",3,细水长流，这才是最享受的爱情，生活每一个小承诺兑现，每一个微小愿望的达成，这才是真正的幸福。这是一次冒险，更是一次人生。这是我羡慕的生活。,"爱情,美国,梦想,温情",2019-09-01 13:10:33,2009 / 美国 / 剧情 喜剧 动画 冒险 / 彼特·道格特 鲍勃·彼德森 / 爱德华·阿斯纳 克里斯托弗·普卢默
1934680877,疯狂原始人,,https://img1.doubanio.com/view/photo/m_ratio_poster/public/p1867084027.jpg,2013-04-20(中国大陆),https://movie.douban.com/subject/1907966/,8.7,"喜剧,动画,冒险",4,,,2019-09-01 01:26:52,2013 / 美国 / 喜剧 动画 冒险 / 柯克·德·米科 克里斯·桑德斯 / 尼古拉斯·凯奇 艾玛·斯通
1934677648,杀破狼2,,https://img9.doubanio.com/view/photo/m_ratio_poster/public/p2246885606.jpg,2015-06-18(中国大陆),https://movie.douban.com/subject/23788440/,7.5,"剧情,动作,犯罪",3,,,2019-09-01 01:23:35,2015 / 中国香港 中国大陆 / 剧情 动作 犯罪 / 郑保瑞 / 吴京 托尼·贾
1934676561,百鸟朝凤,,https://img9.doubanio.com/view/photo/m_ratio_poster/public/p2332714135.jpg,2016-05-06(中国大陆),https://movie.douban.com/subject/10831445/,8.3,"剧情,音乐",4,,传承,2019-09-01 01:22:33,2013 / 中国大陆 / 剧情 音乐 / 吴天明 / 陶泽如 李岷城
1933232220,寻梦环游记,,https://img9.doubanio.com/view/photo/m_ratio_poster/public/p2614500706.jpg,2017-11-24(中国大陆),https://movie.douban.com/subject/20495023/,9.1,"喜剧,动画,音乐",5,"remember me,奇妙的冒险故事，感动","动画,迪士尼,温情",2019-08-31 23:11:30,2017 / 美国 / 喜剧 动画 音乐 奇幻 / 李·昂克里奇 阿德里安·莫利纳 / 安东尼·冈萨雷斯 盖尔·加西亚·贝纳尔
1933247706,勇敢者游戏：决战丛林,,https://img9.doubanio.com/view/photo/m_ratio_poster/public/p2506258944.jpg,2018-01-12(中国大陆),https://movie.douban.com/subject/26586766/,6.8,"喜剧,动作,奇幻",4,,,2019-08-31 02:27:10,2017 / 美国 印度 加拿大 英国 澳大利亚 德国 / 喜剧 动作 奇幻 冒险 / 杰克·卡斯丹 / 道恩·强森 凯文·哈特
1933247404,悟空传,,https://img1.doubanio.com/view/photo/m_ratio_poster/public/p2475060299.jpg,2017-07-13(中国大陆),https://movie.douban.com/subject/26035290/,5.1,"剧情,动作,奇幻",3,,,2019-08-31 02:26:43,2017 / 中国大陆 / 剧情 动作 奇幻 / 郭子健 / 彭于晏 倪妮
1933246436,天将雄师,,https://img1.doubanio.com/view/photo/m_ratio_poster/public/p2224484447.jpg,2015-02-19(中国大陆),https://movie.douban.com/subject/25823833/,6,"动作,战争,古装",3,,,2019-08-31 02:25:17,2015 / 中国大陆 中国香港 / 动作 战争 古装 / 李仁港 / 成龙 约翰·库萨克
1933245975,新木乃伊,,https://img1.doubanio.com/view/photo/m_ratio_poster/public/p2459198108.jpg,2017-06-09(中国大陆/美国),https://movie.douban.com/subject/20451290/,4.8,"动作,奇幻,冒险",3,,,2019-08-31 02:24:32,2017 / 美国 中国大陆 日本 / 动作 奇幻 冒险 / 艾里克斯·库兹曼 / 汤姆·克鲁斯 罗素·克劳
1933245149,摩天营救,,https://img2.doubanio.com/view/photo/m_ratio_poster/public/p2527484082.jpg,2018-07-20(中国大陆),https://movie.douban.com/subject/26804147/,6.3,"动作,惊悚,冒险",3,,,2019-08-31 02:23:06,2018 / 中国香港 美国 / 动作 惊悚 冒险 / 罗森·马歇尔·瑟伯 / 道恩·强森 内芙·坎贝尔
1933244748,雷霆沙赞！,,https://img2.doubanio.com/view/photo/m_ratio_poster/public/p2551249211.jpg,2019-04-05(中国大陆),https://movie.douban.com/subject/2244426/,6.2,"动作,奇幻,冒险",3,,,2019-08-31 02:22:27,2019 / 美国 加拿大 / 动作 奇幻 冒险 / 大卫·F·桑德伯格 / 扎克瑞·莱维 马克·斯特朗
1933244286,淘金记,,https://img2.doubanio.com/view/photo/m_ratio_poster/public/p1581774481.jpg,1925-06-26(美国),https://movie.douban.com/subject/1298817/,9.2,"喜剧,爱情,西部",4,,,2019-08-31 02:21:35,1925 / 美国 / 喜剧 爱情 西部 冒险 / 查理·卓别林 / 查理·卓别林 马克·斯旺
1933243465,越光宝盒,,https://img9.doubanio.com/view/photo/m_ratio_poster/public/p798688444.jpg,2010-03-18(中国大陆),https://movie.douban.com/subject/3928370/,5.3,"喜剧,爱情,奇幻",3,,,2019-08-31 02:20:10,2010 / 中国大陆 中国香港 / 喜剧 爱情 奇幻 古装 / 刘镇伟 / 孙俪 郑中基
1933242929,神探蒲松龄,,https://img1.doubanio.com/view/photo/m_ratio_poster/public/p2545389067.jpg,2019-02-05(中国大陆),https://movie.douban.com/subject/27065898/,3.8,"喜剧,动作,奇幻",2,,,2019-08-31 02:19:12,2019 / 中国大陆 / 喜剧 动作 奇幻 古装 / 严嘉 / 成龙 阮经天
1933242799,奇门遁甲,,https://img2.doubanio.com/view/photo/m_ratio_poster/public/p2507566212.jpg,2017-12-14(中国大陆),https://movie.douban.com/subject/26661191/,4.4,"动作,奇幻",2,,,2019-08-31 02:18:57,2017 / 中国大陆 中国香港 / 动作 奇幻 / 袁和平 / 大鹏 倪妮
1933242525,功夫之王,,https://img2.doubanio.com/view/photo/m_ratio_poster/public/p887405912.jpg,2008-04-24(中国大陆),https://movie.douban.com/subject/1939414/,5.8,"动作,奇幻,冒险",4,,,2019-08-31 02:18:28,2008 / 美国 中国大陆 / 动作 奇幻 冒险 武侠 古装 / 罗伯·明可夫 / 迈克尔·安格拉诺 成龙
1933242404,万物生长,,https://img9.doubanio.com/view/photo/m_ratio_poster/public/p2236439154.jpg,2015-04-17(中国大陆),https://movie.douban.com/subject/25872931/,5.7,"喜剧,爱情",3,,,2019-08-31 02:18:14,2015 / 中国大陆 / 喜剧 爱情 / 李玉 / 范冰冰 韩庚
1933242291,道士下山,,https://img9.doubanio.com/view/photo/m_ratio_poster/public/p2251450614.jpg,2015-07-03(中国大陆),https://movie.douban.com/subject/24879839/,5.5,"喜剧,动作,奇幻",3,,,2019-08-31 02:18:03,2015 / 中国大陆 美国 / 喜剧 动作 奇幻 古装 / 陈凯歌 / 王宝强 郭富城
1933242202,十二生肖,,https://img2.doubanio.com/view/photo/m_ratio_poster/public/p1826580562.jpg,2012-12-20(中国大陆),https://movie.douban.com/subject/4212172/,6.8,"喜剧,动作,冒险",3,,,2019-08-31 02:17:54,2012 / 中国大陆 中国香港 / 喜剧 动作 冒险 / 成龙 / 成龙 权相宇
1933241452,绣春刀,,https://img2.doubanio.com/view/photo/m_ratio_poster/public/p2194066391.jpg,2014-08-07(中国大陆),https://movie.douban.com/subject/24745500/,7.7,"剧情,动作,武侠",3,,,2019-08-31 02:16:43,2014 / 中国大陆 / 剧情 动作 武侠 古装 / 路阳 / 张震 刘诗诗
1933241238,金刚：骷髅岛,,https://img1.doubanio.com/view/photo/m_ratio_poster/public/p2436030518.jpg,2017-03-24(中国大陆),https://movie.douban.com/subject/26309788/,6.5,"动作,奇幻,冒险",3,,,2019-08-31 02:16:24,2017 / 美国 中国大陆 / 动作 奇幻 冒险 / 乔丹·沃格特-罗伯茨 / 汤姆·希德勒斯顿 塞缪尔·杰克逊
1933241125,唐山大地震,,https://img1.doubanio.com/view/photo/m_ratio_poster/public/p545837150.jpg,2010-07-22(中国大陆),https://movie.douban.com/subject/3596502/,7.8,"剧情,历史,灾难",4,,,2019-08-31 02:16:13,2010 / 中国大陆 中国香港 / 剧情 历史 灾难 / 冯小刚 / 徐帆 张静初
1933240686,鬼子来了,,https://img1.doubanio.com/view/photo/m_ratio_poster/public/p2553104888.jpg,2000-05-12(戛纳电影节),https://movie.douban.com/subject/1291858/,9.3,"剧情,喜剧",4,,,2019-08-31 02:15:30,2000 / 中国大陆 / 剧情 喜剧 / 姜文 / 姜文 香川照之
1933240602,绣春刀II：修罗战场,,https://img9.doubanio.com/view/photo/m_ratio_poster/public/p2561713454.jpg,2017-07-19(中国大陆),https://movie.douban.com/subject/26270502/,7.2,"剧情,动作,武侠",4,,,2019-08-31 02:15:21,2017 / 中国大陆 / 剧情 动作 武侠 古装 / 路阳 / 张震 杨幂
1933240465,战狼,,https://img9.doubanio.com/view/photo/m_ratio_poster/public/p2225660666.jpg,2015-04-02(中国大陆),https://movie.douban.com/subject/24753810/,7,"动作,战争",4,,,2019-08-31 02:15:07,2015 / 中国大陆 / 动作 战争 / 吴京 / 吴京 余男
1933240338,后会无期,,https://img9.doubanio.com/view/photo/m_ratio_poster/public/p2195469915.jpg,2014-07-24(中国大陆),https://movie.douban.com/subject/25805741/,7.2,剧情,3,,,2019-08-31 02:14:56,2014 / 中国大陆 / 剧情 / 韩寒 / 冯绍峰 陈柏霖
1933239946,闪电侠 第五季,,https://img9.doubanio.com/view/photo/m_ratio_poster/public/p2531065476.jpg,2018-10-09(美国),https://movie.douban.com/subject/30223133/,6.6,"剧情,科幻",5,,,2019-08-31 02:14:17,2018 / 美国 / 剧情 科幻 / 大卫·麦克沃特 / 格兰特·古斯汀 坎迪斯·帕顿
1933239886,闪电侠 第四季,,https://img2.doubanio.com/view/photo/m_ratio_poster/public/p2500473601.jpg,2017-10-10(美国),https://movie.douban.com/subject/26952099/,6.8,"剧情,动作,冒险",5,,,2019-08-31 02:14:11,2017 / 美国 / 剧情 动作 冒险 / 格伦·温特 亚历山德拉·拉罗什 阿尔门·V·凯沃尔基安 汤姆·卡瓦纳夫 劳拉·贝尔西 布伦特·克罗韦尔 大卫·麦克沃特 德莫特·唐斯 斯特凡·普莱斯驰恩斯基 Phil Chipera / 格兰特·古斯汀 坎迪斯·帕顿
1933239808,闪电侠 第三季,,https://img9.doubanio.com/view/photo/m_ratio_poster/public/p2382506915.jpg,2016-10-04(美国),https://movie.douban.com/subject/26749151/,7,"剧情,动作,科幻",5,,,2019-08-31 02:14:04,2016 / 美国 / 剧情 动作 科幻 / 杰西·沃恩 / 格兰特·古斯汀 坎迪斯·帕顿
1933239689,闪电侠 第二季,,https://img1.doubanio.com/view/photo/m_ratio_poster/public/p2272553090.jpg,2015-10-06(美国),https://movie.douban.com/subject/26289459/,7.7,"剧情,动作,科幻",5,,,2019-08-31 02:13:52,2015 / 美国 / 剧情 动作 科幻 奇幻 冒险 / 大卫·努特尔 / 格兰特·古斯汀 坎迪斯·帕顿
1933239607,闪电侠 第一季,,https://img2.doubanio.com/view/photo/m_ratio_poster/public/p2197587663.jpg,2014-10-07(美国),https://movie.douban.com/subject/24883222/,7.8,"剧情,动作,科幻",5,,,2019-08-31 02:13:44,2014 / 美国 / 剧情 动作 科幻 / 大卫·努特尔 / 格兰特·古斯汀 坎迪斯·帕顿
1933239057,自杀小队,,https://img9.doubanio.com/view/photo/m_ratio_poster/public/p2363084076.jpg,2016-08-05(美国),https://movie.douban.com/subject/3569910/,6.6,"动作,犯罪,奇幻",4,,,2019-08-31 02:12:55,2016 / 美国 / 动作 犯罪 奇幻 / 大卫·阿耶 / 威尔·史密斯 杰瑞德·莱托
1933238881,海王,,https://img1.doubanio.com/view/photo/m_ratio_poster/public/p2541280047.jpg,2018-12-07(中国大陆),https://movie.douban.com/subject/3878007/,7.6,"动作,奇幻,冒险",4,,,2019-08-31 02:12:39,2018 / 美国 澳大利亚 / 动作 奇幻 冒险 / 温子仁 / 杰森·莫玛 安柏·赫德
1933238660,神奇女侠,,https://img2.doubanio.com/view/photo/m_ratio_poster/public/p2460006593.jpg,2017-06-02(中国大陆),https://movie.douban.com/subject/1578714/,7.1,"动作,奇幻,冒险",4,,,2019-08-31 02:12:19,2017 / 美国 中国大陆 中国香港 / 动作 奇幻 冒险 / 派蒂·杰金斯 / 盖尔·加朵 克里斯·派恩
1933238554,北京遇上西雅图之不二情书,,https://img1.doubanio.com/view/photo/m_ratio_poster/public/p2336879398.jpg,2016-04-29(中国大陆),https://movie.douban.com/subject/26322792/,6.4,"喜剧,爱情",3,,,2019-08-31 02:12:09,2016 / 中国大陆 中国香港 / 喜剧 爱情 / 薛晓路 / 汤唯 吴秀波
1933238165,后来的我们,,https://img2.doubanio.com/view/photo/m_ratio_poster/public/p2520456502.jpg,2018-04-28(中国大陆),https://movie.douban.com/subject/26683723/,5.9,"剧情,爱情",3,,,2019-08-31 02:11:34,2018 / 中国大陆 / 剧情 爱情 / 刘若英 / 井柏然 周冬雨
1933238070,寻龙诀,,https://img2.doubanio.com/view/photo/m_ratio_poster/public/p2284620292.jpg,2015-12-18(中国大陆),https://movie.douban.com/subject/3077412/,7.4,"剧情,动作,奇幻",3,,,2019-08-31 02:11:24,2015 / 中国大陆 中国香港 / 剧情 动作 奇幻 冒险 / 乌尔善 / 陈坤 黄渤
1933237949,老炮儿,,https://img2.doubanio.com/view/photo/m_ratio_poster/public/p2276674912.jpg,2015-12-24(中国大陆),https://movie.douban.com/subject/24751756/,7.5,"剧情,犯罪",3,,,2019-08-31 02:11:14,2015 / 中国大陆 / 剧情 犯罪 / 管虎 / 冯小刚 许晴
1933237804,动物世界,,https://img1.doubanio.com/view/photo/m_ratio_poster/public/p2525528688.jpg,2018-06-29(中国大陆),https://movie.douban.com/subject/26925317/,7.2,"剧情,动作,冒险",4,,,2019-08-31 02:11:01,2018 / 中国大陆 / 剧情 动作 冒险 / 韩延 / 李易峰 迈克尔·道格拉斯
1933237645,影,,https://img1.doubanio.com/view/photo/m_ratio_poster/public/p2530513100.jpg,2018-09-30(中国大陆),https://movie.douban.com/subject/4864908/,7.2,"剧情,动作,武侠",4,,,2019-08-31 02:10:48,2018 / 中国大陆 中国香港 / 剧情 动作 武侠 古装 / 张艺谋 / 邓超 孙俪
1933237370,战狼2,,https://img9.doubanio.com/view/photo/m_ratio_poster/public/p2494701965.jpg,2017-07-27(中国大陆),https://movie.douban.com/subject/26363254/,7.1,"动作,战争",4,,,2019-08-31 02:10:24,2017 / 中国大陆 / 动作 战争 / 吴京 / 吴京 弗兰克·格里罗
1933237208,红海行动,,https://img2.doubanio.com/view/photo/m_ratio_poster/public/p2514119443.jpg,2018-02-16(中国大陆),https://movie.douban.com/subject/26861685/,8.2,"动作,战争",4,,,2019-08-31 02:10:09,2018 / 中国大陆 中国香港 / 动作 战争 / 林超贤 / 张译 黄景瑜
1933236615,全城高考,,https://img9.doubanio.com/view/photo/m_ratio_poster/public/p1841092784.jpg,2013-02-05(中国大陆),https://movie.douban.com/subject/10759926/,5.5,剧情,3,,,2019-08-31 02:09:15,2013 / 中国大陆 / 剧情 / 钟少雄 / 方中信 乔乔
1933235783,斯巴达300勇士,,https://img1.doubanio.com/view/photo/m_ratio_poster/public/p443321967.jpg,2006-12-09(BNAT电影节),https://movie.douban.com/subject/1853176/,7.9,"动作,历史,战争",4,,,2019-08-31 02:07:58,2006 / 美国 / 动作 历史 战争 / 扎克·施奈德 / 杰拉德·巴特勒 琳娜·海蒂
1933235516,荒岛余生,,https://img9.doubanio.com/view/photo/m_ratio_poster/public/p2207673534.jpg,2000-12-22(美国),https://movie.douban.com/subject/1298653/,8.6,"剧情,冒险",4,,,2019-08-31 02:07:34,2000 / 美国 / 剧情 冒险 / 罗伯特·泽米吉斯 / 汤姆·汉克斯 海伦·亨特
1933235239,浪矢解忧杂货店,,https://img2.doubanio.com/view/photo/m_ratio_poster/public/p2511434383.jpg,2018-02-02(中国大陆),https://movie.douban.com/subject/26742730/,7.1,"剧情,奇幻",3,,,2019-08-31 02:07:13,2017 / 日本 / 剧情 奇幻 / 广木隆一 / 山田凉介 村上虹郎
1933234665,我的个神啊,,https://img2.doubanio.com/view/photo/m_ratio_poster/public/p2243803873.jpg,2015-05-22(中国大陆),https://movie.douban.com/subject/10741643/,8.4,"喜剧,奇幻",4,,,2019-08-31 02:06:25,2014 / 印度 / 喜剧 奇幻 / 拉吉库马尔·希拉尼 / 阿米尔·汗 安努舒卡·莎玛
1933234376,叶问,,https://img2.doubanio.com/view/photo/m_ratio_poster/public/p458263441.jpg,2008-12-12(中国大陆),https://movie.douban.com/subject/3041806/,7.8,"剧情,动作,传记",4,,,2019-08-31 02:06:00,2008 / 中国香港 中国大陆 / 剧情 动作 传记 历史 / 叶伟信 / 甄子丹 任达华
1933233694,血战钢锯岭,,https://img1.doubanio.com/view/photo/m_ratio_poster/public/p2398141939.jpg,2016-12-08(中国大陆),https://movie.douban.com/subject/26325320/,8.7,"剧情,传记,历史",4,,"战争,真实事件改编",2019-08-31 02:05:09,2016 / 澳大利亚 美国 / 剧情 传记 历史 战争 / 梅尔·吉布森 / 安德鲁·加菲尔德 萨姆·沃辛顿
1933233135,釜山行,,https://img1.doubanio.com/view/photo/m_ratio_poster/public/p2360940399.jpg,2016-05-13(戛纳电影节),https://movie.douban.com/subject/25986180/,8.6,"动作,惊悚,灾难",4,灾难面前丧尸人性的人们和为了女儿搏斗丧尸最后牺牲的父亲形成了最鲜明的对比，也是最触动人心的感动。,"人性,韩国",2019-08-31 02:04:17,2016 / 韩国 / 动作 惊悚 灾难 / 延尚昊 / 孔刘 郑有美
1933231431,寄生兽,,https://img2.doubanio.com/view/photo/m_ratio_poster/public/p2375921261.jpg,2016-09-02(中国大陆),https://movie.douban.com/subject/25774050/,7.4,"剧情,动作,科幻",4,男主的黑化有点突然,,2019-08-31 02:02:03,2014 / 日本 / 剧情 动作 科幻 恐怖 / 山崎贵 / 染谷将太 深津绘里
1933231147,头文字D,,https://img1.doubanio.com/view/photo/m_ratio_poster/public/p2171302998.jpg,2005-06-23(中国大陆),https://movie.douban.com/subject/1329562/,7.8,"剧情,动作",4,,,2019-08-31 02:01:40,2005 / 中国香港 日本 / 剧情 动作 / 刘伟强 麦兆辉 / 周杰伦 陈冠希
1933230867,小偷家族,,https://img9.doubanio.com/view/photo/m_ratio_poster/public/p2530599636.jpg,2018-08-03(中国大陆),https://movie.douban.com/subject/27622447/,8.7,"剧情,家庭,犯罪",4,,,2019-08-31 02:01:21,2018 / 日本 / 剧情 家庭 犯罪 / 是枝裕和 / 中川雅也 安藤樱
1933230545,就是这样,,https://img9.doubanio.com/view/photo/m_ratio_poster/public/p492352745.jpg,2009-10-28(中国大陆),https://movie.douban.com/subject/3920977/,8.8,"纪录片,音乐",5,,,2019-08-31 02:00:56,2009 / 美国 / 纪录片 音乐 / 肯尼·奥特加 / 迈克尔·杰克逊 Alex Al
1933230229,徒手攀岩,,https://img1.doubanio.com/view/photo/m_ratio_poster/public/p2566598269.jpg,2019-09-06(中国大陆),https://movie.douban.com/subject/30167509/,8.8,纪录片,3,,,2019-08-31 02:00:31,2018 / 美国 / 纪录片 / 伊丽莎白·柴·瓦沙瑞莉 金国威 / 亚历克斯·霍诺德 汤米·考德威尔
1933229916,赌圣,,https://img1.doubanio.com/view/photo/m_ratio_poster/public/p1148006580.jpg,1990-08-18(中国香港),https://movie.douban.com/subject/1298644/,7.9,"喜剧,动作",4,,,2019-08-31 02:00:06,1990 / 中国香港 / 喜剧 动作 / 元奎 刘镇伟 / 周星驰 张敏
1933229748,武状元苏乞儿,,https://img1.doubanio.com/view/photo/m_ratio_poster/public/p1148052547.jpg,1992-12-17(中国香港),https://movie.douban.com/subject/1297863/,8.1,"喜剧,动作,武侠",4,,,2019-08-31 01:59:53,1992 / 中国香港 / 喜剧 动作 武侠 古装 / 陈嘉上 / 周星驰 张敏
1933229649,大内密探零零发,,https://img9.doubanio.com/view/photo/m_ratio_poster/public/p2455844666.jpg,1996-02-16(中国香港),https://movie.douban.com/subject/1329936/,8,"喜剧,动作,爱情",4,,,2019-08-31 01:59:45,1996 / 中国香港 / 喜剧 动作 爱情 古装 / 谷德昭 周星驰 / 周星驰 刘嘉玲
1933229541,国产凌凌漆,,https://img1.doubanio.com/view/photo/m_ratio_poster/public/p2585823759.jpg,1994-10-13(中国香港),https://movie.douban.com/subject/1307739/,8.4,"喜剧,动作",4,,,2019-08-31 01:59:37,1994 / 中国香港 / 喜剧 动作 / 李力持 周星驰 / 周星驰 袁咏仪
1933229451,食神,,https://img9.doubanio.com/view/photo/m_ratio_poster/public/p2179639845.jpg,1996-12-21(中国香港),https://movie.douban.com/subject/1293351/,8.1,"喜剧,动作",3,,,2019-08-31 01:59:31,1996 / 中国香港 / 喜剧 动作 / 李力持 周星驰 / 周星驰 莫文蔚
1933229358,长江七号,,https://img2.doubanio.com/view/photo/m_ratio_poster/public/p2097947361.jpg,2008-01-30(中国大陆),https://movie.douban.com/subject/1961963/,7.1,"喜剧,科幻",3,,,2019-08-31 01:59:24,2008 / 中国大陆 中国香港 / 喜剧 科幻 / 周星驰 / 周星驰 徐娇
1933229274,九品芝麻官,,https://img1.doubanio.com/view/photo/m_ratio_poster/public/p648370300.jpg,1994-03-31(中国香港),https://movie.douban.com/subject/1297518/,8.7,"剧情,喜剧,古装",4,,,2019-08-31 01:59:16,1994 / 中国香港 中国大陆 / 剧情 喜剧 古装 / 王晶 / 周星驰 吴孟达
1933229202,喜剧之王,,https://img1.doubanio.com/view/photo/m_ratio_poster/public/p2579932167.jpg,1999-02-13(中国香港),https://movie.douban.com/subject/1302425/,8.8,"剧情,喜剧,爱情",4,,,2019-08-31 01:59:10,1999 / 中国香港 / 剧情 喜剧 爱情 / 周星驰 李力持 / 周星驰 张柏芝
1933228999,整蛊专家,,https://img1.doubanio.com/view/photo/m_ratio_poster/public/p2222649480.jpg,1991-02-02(中国香港),https://movie.douban.com/subject/1299680/,7.9,"喜剧,爱情",3,,,2019-08-31 01:58:55,1991 / 中国香港 / 喜剧 爱情 / 王晶 / 刘德华 周星驰
1933228885,狄仁杰之通天帝国,,https://img1.doubanio.com/view/photo/m_ratio_poster/public/p2166635320.jpg,2010-09-29(中国大陆),https://movie.douban.com/subject/3412830/,6.6,"动作,悬疑,古装",3,,,2019-08-31 01:58:45,2010 / 中国大陆 中国香港 / 动作 悬疑 古装 / 徐克 / 刘德华 刘嘉玲
1933228752,长城,,https://img1.doubanio.com/view/photo/m_ratio_poster/public/p2400082527.jpg,2016-12-16(中国大陆),https://movie.douban.com/subject/6982558/,4.9,"动作,奇幻,冒险",3,,,2019-08-31 01:58:35,2016 / 中国大陆 美国 / 动作 奇幻 冒险 / 张艺谋 / 马特·达蒙 景甜
1933228409,赌神,,https://img9.doubanio.com/view/photo/m_ratio_poster/public/p1986001156.jpg,1989-12-14(中国香港),https://movie.douban.com/subject/1300883/,8.5,"剧情,喜剧",4,,,2019-08-31 01:58:07,1989 / 中国香港 / 剧情 喜剧 / 王晶 / 周润发 刘德华
1933228184,憨豆特工,,https://img2.doubanio.com/view/photo/m_ratio_poster/public/p2521404612.jpg,2003-09-12(中国大陆),https://movie.douban.com/subject/1307389/,7.7,"喜剧,动作,冒险",4,,,2019-08-31 01:57:51,2003 / 英国 法国 美国 / 喜剧 动作 冒险 / 彼得·休伊特 / 罗温·艾金森 塔莎·德·瓦斯康赛洛丝
1933227949,憨豆先生的大灾难,,https://img1.doubanio.com/view/photo/m_ratio_poster/public/p1419600207.jpg,1997-08-01,https://movie.douban.com/subject/1294948/,8.2,"喜剧,家庭",,,,2019-08-31 01:57:31,1997 / 英国 美国 / 喜剧 家庭 / 梅尔·史密斯 / 罗温·艾金森 彼特·麦尼科
1933227830,憨豆的黄金周,,https://img2.doubanio.com/view/photo/m_ratio_poster/public/p2191830473.jpg,2007-07-27(中国大陆),https://movie.douban.com/subject/1829654/,8.2,喜剧,,,,2019-08-31 01:57:22,2007 / 英国 法国 德国 / 喜剧 / 史蒂夫·班德莱克 / 罗温·艾金森 马克思·鲍德里
1933227759,憨豆特工2,,https://img2.doubanio.com/view/photo/m_ratio_poster/public/p2209714613.jpg,2011-10-07(英国),https://movie.douban.com/subject/4767216/,7.3,喜剧,4,,,2019-08-31 01:57:17,2011 / 美国 法国 英国 / 喜剧 / 奥利弗·帕克 / 罗温·艾金森 吉莲·安德森
1933227250,憨豆特工3,,https://img2.doubanio.com/view/photo/m_ratio_poster/public/p2538352472.jpg,2018-11-23(中国大陆),https://movie.douban.com/subject/27073234/,6.3,"喜剧,动作,冒险",3,,,2019-08-31 01:56:35,2018 / 法国 美国 英国 / 喜剧 动作 冒险 / 大卫·科尔 / 罗温·艾金森 本·米勒
1933227088,百变星君,,https://img2.doubanio.com/view/photo/m_ratio_poster/public/p2563027293.jpg,1995-08-19(中国香港),https://movie.douban.com/subject/1300498/,7.8,"喜剧,科幻,奇幻",4,,,2019-08-31 01:56:21,1995 / 中国香港 / 喜剧 科幻 奇幻 / 叶伟民 / 周星驰 吴孟达
1933226934,鹿鼎记,,https://img1.doubanio.com/view/photo/m_ratio_poster/public/p2166580970.jpg,1992-07-30(中国香港),https://movie.douban.com/subject/1297223/,8.3,"喜剧,动作,武侠",4,,,2019-08-31 01:56:08,1992 / 中国香港 / 喜剧 动作 武侠 古装 / 王晶 / 周星驰 吴孟达
1933226637,逃学威龙,,https://img1.doubanio.com/view/photo/m_ratio_poster/public/p2573231828.jpg,1991-07-18(中国香港),https://movie.douban.com/subject/1302090/,8.1,"喜剧,动作,爱情",4,,,2019-08-31 01:55:47,1991 / 中国香港 / 喜剧 动作 爱情 / 陈嘉上 / 周星驰 张敏
1933225934,一出好戏,,https://img2.doubanio.com/view/photo/m_ratio_poster/public/p2529571873.jpg,2018-08-10(中国大陆),https://movie.douban.com/subject/26985127/,7.1,"剧情,喜剧",4,,,2019-08-31 01:54:48,2018 / 中国大陆 / 剧情 喜剧 / 黄渤 / 黄渤 舒淇
1933225801,飞驰人生,,https://img2.doubanio.com/view/photo/m_ratio_poster/public/p2542973862.jpg,2019-02-05(中国大陆),https://movie.douban.com/subject/30163509/,6.9,喜剧,4,,,2019-08-31 01:54:37,2019 / 中国大陆 / 喜剧 / 韩寒 / 沈腾 黄景瑜
1933225350,四大名捕2,,https://img1.doubanio.com/view/photo/m_ratio_poster/public/p2158164038.jpg,2013-12-06(中国大陆),https://movie.douban.com/subject/10604892/,5.3,"动作,悬疑,奇幻",3,,,2019-08-31 01:53:59,2013 / 中国大陆 中国香港 / 动作 悬疑 奇幻 武侠 古装 / 陈嘉上 秦小珍 / 邓超 刘亦菲
1933225059,四大名捕,,https://img9.doubanio.com/view/photo/m_ratio_poster/public/p1607300196.jpg,2012-07-12(中国大陆),https://movie.douban.com/subject/6124012/,5.4,"动作,爱情,悬疑",3,,,2019-08-31 01:53:36,2012 / 中国大陆 中国香港 / 动作 爱情 悬疑 武侠 古装 / 陈嘉上 秦小珍 / 邓超 刘亦菲
1933224942,京城81号,,https://img9.doubanio.com/view/photo/m_ratio_poster/public/p2187047385.jpg,2014-07-18(中国大陆),https://movie.douban.com/subject/20513061/,4.8,"剧情,悬疑,恐怖",2,,,2019-08-31 01:53:28,2014 / 中国大陆 / 剧情 悬疑 恐怖 / 叶伟民 / 吴镇宇 林心如
1933224825,狄仁杰之神都龙王,,https://img1.doubanio.com/view/photo/m_ratio_poster/public/p2099623528.jpg,2013-09-28(中国大陆),https://movie.douban.com/subject/5996801/,6.5,"动作,悬疑,古装",3,,,2019-08-31 01:53:19,2013 / 中国大陆 中国香港 / 动作 悬疑 古装 / 徐克 / 赵又廷 冯绍峰
1933224657,招魂,,https://img2.doubanio.com/view/photo/m_ratio_poster/public/p1936517673.jpg,2013-06-08(马德里奇幻电影节),https://movie.douban.com/subject/3804629/,8,"悬疑,惊悚,恐怖",4,,,2019-08-31 01:53:05,2013 / 美国 / 悬疑 惊悚 恐怖 / 温子仁 / 维拉·法米加 帕特里克·威尔森
1933224278,密室逃生,,https://img2.doubanio.com/view/photo/m_ratio_poster/public/p2543631842.jpg,2019-01-18(中国大陆),https://movie.douban.com/subject/27109679/,7.1,"悬疑,惊悚",4,,,2019-08-31 01:52:40,2019 / 美国 南非 / 悬疑 惊悚 / 亚当·罗比特尔 / 泰勒·拉塞尔 洛根·米勒
1933224061,狄仁杰之四大天王,,https://img9.doubanio.com/view/photo/m_ratio_poster/public/p2526405034.jpg,2018-07-27(中国大陆),https://movie.douban.com/subject/25882296/,6.1,"动作,悬疑,奇幻",4,,,2019-08-31 01:52:24,2018 / 中国大陆 中国香港 / 动作 悬疑 奇幻 武侠 古装 / 徐克 / 赵又廷 冯绍峰
1933223918,惊天魔盗团,,https://img9.doubanio.com/view/photo/m_ratio_poster/public/p2151336415.jpg,2013-10-10(中国大陆),https://movie.douban.com/subject/6517421/,7.8,"剧情,悬疑,犯罪",4,,,2019-08-31 01:52:12,2013 / 美国 法国 / 剧情 悬疑 犯罪 / 路易斯·莱特里尔 / 杰西·艾森伯格 艾拉·菲舍尔
1933223284,猩球崛起3：终极之战,,https://img9.doubanio.com/view/photo/m_ratio_poster/public/p2494096554.jpg,2017-09-15(中国大陆),https://movie.douban.com/subject/25808075/,6.9,"剧情,动作,科幻",3,,,2019-08-31 01:51:24,2017 / 美国 / 剧情 动作 科幻 / 马特·里夫斯 / 安迪·瑟金斯 伍迪·哈里森
1933223149,环太平洋：雷霆再起,,https://img9.doubanio.com/view/photo/m_ratio_poster/public/p2512933684.jpg,2018-03-23(中国大陆),https://movie.douban.com/subject/20435622/,5.4,"动作,科幻,冒险",4,,,2019-08-31 01:51:13,2018 / 英国 中国大陆 日本 美国 墨西哥 / 动作 科幻 冒险 / 斯蒂文·S·迪奈特 / 约翰·博耶加 卡莉·史派妮
1933223032,超体,,https://img9.doubanio.com/view/photo/m_ratio_poster/public/p2201909284.jpg,2014-10-24(中国大陆),https://movie.douban.com/subject/24404677/,7.4,"动作,科幻",4,,,2019-08-31 01:51:04,2014 / 法国 德国 中国台湾 加拿大 美国 英国 / 动作 科幻 / 吕克·贝松 / 斯嘉丽·约翰逊 摩根·弗里曼
1933222630,流浪地球,,https://img2.doubanio.com/view/photo/m_ratio_poster/public/p2545472803.jpg,2019-02-05(中国大陆),https://movie.douban.com/subject/26266893/,7.9,"科幻,冒险,灾难",4,,,2019-08-31 01:50:31,2019 / 中国大陆 / 科幻 冒险 灾难 / 郭帆 / 吴京 屈楚萧
1933221598,十万个冷笑话2,,https://img2.doubanio.com/view/photo/m_ratio_poster/public/p2492917402.jpg,2017-08-18(中国大陆),https://movie.douban.com/subject/26759539/,7.3,"喜剧,动画,奇幻",4,,,2019-08-31 01:49:12,2017 / 中国大陆 / 喜剧 动画 奇幻 / 卢恒宇 李姝洁 / 山新 郝祥海
1933221486,风语咒,,https://img2.doubanio.com/view/photo/m_ratio_poster/public/p2530872223.jpg,2018-08-03(中国大陆),https://movie.douban.com/subject/30146756/,6.8,"动画,奇幻",3,,,2019-08-31 01:49:03,2018 / 中国大陆 / 动画 奇幻 / 刘阔 / 路知行 阎萌萌
1933221403,驯龙高手2,,https://img1.doubanio.com/view/photo/m_ratio_poster/public/p2192713707.jpg,2014-08-14(中国大陆),https://movie.douban.com/subject/4824512/,8.1,"动画,奇幻,冒险",4,,,2019-08-31 01:48:56,2014 / 美国 / 动画 奇幻 冒险 / 迪恩·德布洛斯 / 杰伊·巴鲁切尔 凯特·布兰切特
1933221296,大护法,,https://img1.doubanio.com/view/photo/m_ratio_poster/public/p2490948849.jpg,2017-07-13(中国大陆),https://movie.douban.com/subject/26811587/,7.8,"喜剧,动画,奇幻",4,,,2019-08-31 01:48:47,2017 / 中国大陆 / 喜剧 动画 奇幻 冒险 / 不思凡 / 小连杀 图特哈蒙
1933221131,超人总动员2,,https://img2.doubanio.com/view/photo/m_ratio_poster/public/p2522880251.jpg,2018-06-22(中国大陆),https://movie.douban.com/subject/25849049/,7.8,"喜剧,动作,动画",4,,,2019-08-31 01:48:34,2018 / 美国 / 喜剧 动作 动画 冒险 / 布拉德·伯德 / 格雷格·T·尼尔森 霍利·亨特
1933220634,大鱼海棠,,https://img9.doubanio.com/view/photo/m_ratio_poster/public/p2361744534.jpg,2016-07-08(中国大陆),https://movie.douban.com/subject/5045678/,7,"剧情,动画,奇幻",5,,,2019-08-31 01:47:58,2016 / 中国大陆 / 剧情 动画 奇幻 / 梁旋 张春 / 季冠霖 苏尚卿
1933220245,你的名字。,,https://img1.doubanio.com/view/photo/m_ratio_poster/public/p2395733377.jpg,2016-12-02(中国大陆),https://movie.douban.com/subject/26683290/,8.5,"剧情,爱情,动画",5,,,2019-08-31 01:47:29,2016 / 日本 / 剧情 爱情 动画 / 新海诚 / 神木隆之介 上白石萌音
1933219548,爱情公寓,,https://img9.doubanio.com/view/photo/m_ratio_poster/public/p2521648155.jpg,2018-08-10(中国大陆),https://movie.douban.com/subject/24852545/,3.2,"喜剧,冒险",2,,,2019-08-31 01:46:38,2018 / 中国大陆 / 喜剧 冒险 / 韦正 / 陈赫 袁弘
1933219397,王牌特工2：黄金圈,,https://img2.doubanio.com/view/photo/m_ratio_poster/public/p2499792043.jpg,2017-10-20(中国大陆),https://movie.douban.com/subject/26378579/,6.8,"喜剧,动作,冒险",4,,,2019-08-31 01:46:26,2017 / 英国 美国 / 喜剧 动作 冒险 / 马修·沃恩 / 塔伦·埃哲顿 科林·费尔斯
1933219271,小时代3：刺金时代,,https://img1.doubanio.com/view/photo/m_ratio_poster/public/p2189080319.jpg,2014-07-17(中国大陆),https://movie.douban.com/subject/24847340/,4.7,"剧情,喜剧,爱情",4,,,2019-08-31 01:46:16,2014 / 中国大陆 中国台湾 / 剧情 喜剧 爱情 / 郭敬明 / 杨幂 柯震东
1933219020,分手大师,,https://img1.doubanio.com/view/photo/m_ratio_poster/public/p2188112867.jpg,2014-06-27(中国大陆),https://movie.douban.com/subject/24879858/,5.1,"喜剧,爱情",3,,,2019-08-31 01:45:58,2014 / 中国大陆 / 喜剧 爱情 / 俞白眉 邓超 / 邓超 杨幂
1933218914,西游降魔篇,,https://img2.doubanio.com/view/photo/m_ratio_poster/public/p1856385532.jpg,2013-02-10(中国大陆),https://movie.douban.com/subject/5308265/,7.2,"喜剧,奇幻,冒险",3,,,2019-08-31 01:45:49,2013 / 中国大陆 中国香港 / 喜剧 奇幻 冒险 / 周星驰 郭子健 / 文章 舒淇
1933218815,人在囧途,,https://img1.doubanio.com/view/photo/m_ratio_poster/public/p500548437.jpg,2010-06-04(中国大陆),https://movie.douban.com/subject/4237879/,7.8,喜剧,4,,,2019-08-31 01:45:41,2010 / 中国大陆 / 喜剧 / 叶伟民 / 徐峥 王宝强
1933218665,北京遇上西雅图,,https://img1.doubanio.com/view/photo/m_ratio_poster/public/p1878328589.jpg,2013-03-21(中国大陆),https://movie.douban.com/subject/10574468/,7.3,"喜剧,爱情",4,,,2019-08-31 01:45:29,2013 / 中国大陆 中国香港 / 喜剧 爱情 / 薛晓路 / 汤唯 吴秀波
1933218517,一条狗的使命,,https://img1.doubanio.com/view/photo/m_ratio_poster/public/p2432493858.jpg,2017-03-03(中国大陆),https://movie.douban.com/subject/6873143/,7.7,"剧情,喜剧,家庭",4,,,2019-08-31 01:45:19,2017 / 美国 / 剧情 喜剧 家庭 / 拉斯·霍尔斯道姆 / 乔什·加德 布丽特·罗伯森
1933218412,来电狂响,,https://img1.doubanio.com/view/photo/m_ratio_poster/public/p2542268337.jpg,2018-12-28(中国大陆),https://movie.douban.com/subject/30377703/,5.7,"剧情,喜剧",3,,,2019-08-31 01:45:11,2018 / 中国大陆 / 剧情 喜剧 / 于淼 / 佟大为 马丽
1933218312,西游记之大圣归来,,https://img1.doubanio.com/view/photo/m_ratio_poster/public/p2255028780.jpg,2015-07-10(中国大陆),https://movie.douban.com/subject/26277313/,8.3,"剧情,动画,奇幻",4,,,2019-08-31 01:45:03,2015 / 中国大陆 / 剧情 动画 奇幻 / 田晓鹏 / 张磊 林子杰
1933218046,捉妖记,,https://img9.doubanio.com/view/photo/m_ratio_poster/public/p2257944916.jpg,2015-07-16(中国大陆),https://movie.douban.com/subject/25723907/,6.7,"喜剧,奇幻,古装",4,,,2019-08-31 01:44:42,2015 / 中国大陆 中国香港 / 喜剧 奇幻 古装 / 许诚毅 / 白百何 井柏然
1933217967,那些年，我们一起追的女孩,,https://img9.doubanio.com/view/photo/m_ratio_poster/public/p1348910586.jpg,2012-01-06(中国大陆),https://movie.douban.com/subject/4920528/,8.1,"剧情,喜剧,爱情",4,,,2019-08-31 01:44:36,2011 / 中国台湾 / 剧情 喜剧 爱情 / 九把刀 / 柯震东 陈妍希
1933217885,捉妖记2,,https://img9.doubanio.com/view/photo/m_ratio_poster/public/p2509643816.jpg,2018-02-16(中国大陆),https://movie.douban.com/subject/26575103/,4.9,"喜剧,动作,奇幻",2,,,2019-08-31 01:44:28,2018 / 中国大陆 中国香港 / 喜剧 动作 奇幻 古装 / 许诚毅 / 梁朝伟 白百何
1933217788,快把我哥带走,,https://img1.doubanio.com/view/photo/m_ratio_poster/public/p2531080870.jpg,2018-08-17(中国大陆),https://movie.douban.com/subject/30122633/,6.8,"喜剧,奇幻",4,,,2019-08-31 01:44:20,2018 / 中国大陆 / 喜剧 奇幻 / 郑芬芬 / 张子枫 彭昱畅
1933217642,唐人街探案,,https://img9.doubanio.com/view/photo/m_ratio_poster/public/p2302930556.jpg,2015-12-31(中国大陆),https://movie.douban.com/subject/26311973/,7.7,"喜剧,动作,悬疑",4,,,2019-08-31 01:44:08,2015 / 中国大陆 / 喜剧 动作 悬疑 / 陈思诚 / 王宝强 刘昊然
1933217545,功夫,,https://img1.doubanio.com/view/photo/m_ratio_poster/public/p2219011938.jpg,2004-12-23(中国大陆),https://movie.douban.com/subject/1291543/,8.8,"喜剧,动作,犯罪",3,,,2019-08-31 01:44:01,2004 / 中国大陆 中国香港 / 喜剧 动作 犯罪 奇幻 / 周星驰 / 周星驰 元秋
1933217448,美人鱼,,https://img1.doubanio.com/view/photo/m_ratio_poster/public/p2316177058.jpg,2016-02-08(中国大陆),https://movie.douban.com/subject/19944106/,6.7,"喜剧,爱情,奇幻",4,,,2019-08-31 01:43:53,2016 / 中国大陆 中国香港 / 喜剧 爱情 奇幻 / 周星驰 / 邓超 罗志祥
1933217369,神偷奶爸,,https://img1.doubanio.com/view/photo/m_ratio_poster/public/p792776858.jpg,2010-06-20(莫斯科电影节),https://movie.douban.com/subject/3287562/,8.7,"喜剧,动画,冒险",4,,,2019-08-31 01:43:47,2010 / 美国 法国 / 喜剧 动画 冒险 / 皮埃尔·柯芬 克里斯·雷纳德 / 史蒂夫·卡瑞尔 杰森·席格尔
1933217223,羞羞的铁拳,,https://img1.doubanio.com/view/photo/m_ratio_poster/public/p2499793218.jpg,2017-09-30(中国大陆),https://movie.douban.com/subject/27038183/,6.8,"喜剧,奇幻",4,,,2019-08-31 01:43:35,2017 / 中国大陆 / 喜剧 奇幻 / 宋阳 张吃鱼 / 艾伦 马丽
1933217117,唐人街探案2,,https://img1.doubanio.com/view/photo/m_ratio_poster/public/p2512717519.jpg,2018-02-16(中国大陆),https://movie.douban.com/subject/26698897/,6.6,"喜剧,动作,悬疑",3,,,2019-08-31 01:43:26,2018 / 中国大陆 / 喜剧 动作 悬疑 / 陈思诚 / 王宝强 刘昊然
1933217022,西虹市首富,,https://img1.doubanio.com/view/photo/m_ratio_poster/public/p2529206747.jpg,2018-07-27(中国大陆),https://movie.douban.com/subject/27605698/,6.6,喜剧,4,,,2019-08-31 01:43:19,2018 / 中国大陆 / 喜剧 / 闫非 彭大魔 / 沈腾 宋芸桦
1933216875,绿皮书,,https://img2.doubanio.com/view/photo/m_ratio_poster/public/p2549177902.jpg,2019-03-01(中国大陆),https://movie.douban.com/subject/27060077/,8.9,"剧情,喜剧,音乐",5,,,2019-08-31 01:43:08,2018 / 美国 中国大陆 / 剧情 喜剧 音乐 传记 / 彼得·法雷里 / 维果·莫腾森 马赫沙拉·阿里
1933216760,我不是药神,,https://img9.doubanio.com/view/photo/m_ratio_poster/public/p2561305376.jpg,2018-07-05(中国大陆),https://movie.douban.com/subject/26752088/,9,"剧情,喜剧",5,,,2019-08-31 01:43:00,2018 / 中国大陆 / 剧情 喜剧 / 文牧野 / 徐峥 王传君
1933215750,蝙蝠侠大战超人：正义黎明,,https://img9.doubanio.com/view/photo/m_ratio_poster/public/p2316834186.jpg,2016-03-25(中国大陆),https://movie.douban.com/subject/24750534/,6.9,"动作,科幻,奇幻",4,,,2019-08-31 01:41:43,2016 / 美国 / 动作 科幻 奇幻 冒险 / 扎克·施奈德 / 本·阿弗莱克 亨利·卡维尔
1933215508,神奇四侠2,,https://img2.doubanio.com/view/photo/m_ratio_poster/public/p739461553.jpg,2007-06-15(美国),https://movie.douban.com/subject/1584750/,6.5,"动作,科幻,冒险",3,,,2019-08-31 01:41:27,2007 / 美国 德国 英国 / 动作 科幻 冒险 / 蒂姆·斯托瑞 / 艾恩·格拉法德 杰西卡·阿尔芭
1933215376,全球风暴,,https://img9.doubanio.com/view/photo/m_ratio_poster/public/p2497075814.jpg,2017-10-27(中国大陆),https://movie.douban.com/subject/22266012/,5.9,"动作,科幻,灾难",4,,,2019-08-31 01:41:17,2017 / 美国 / 动作 科幻 灾难 / 迪安·德夫林 / 杰拉德·巴特勒 吉姆·斯特吉斯
1933215221,神奇四侠,,https://img2.doubanio.com/view/photo/m_ratio_poster/public/p2180195792.jpg,2005-09-29(中国大陆),https://movie.douban.com/subject/1309103/,6.7,"动作,科幻,冒险",3,,,2019-08-31 01:41:06,2005 / 美国 德国 / 动作 科幻 冒险 / 蒂姆·斯托瑞 / 艾恩·格拉法德 杰西卡·阿尔芭
1933214995,星球大战7：原力觉醒,,https://img1.doubanio.com/view/photo/m_ratio_poster/public/p2293954118.jpg,2016-01-09(中国大陆),https://movie.douban.com/subject/20326665/,7.2,"动作,科幻,冒险",,,,2019-08-31 01:40:50,2015 / 美国 / 动作 科幻 冒险 / J·J·艾布拉姆斯 / 哈里森·福特 马克·哈米尔
1933214746,星球大战8：最后的绝地武士,,https://img1.doubanio.com/view/photo/m_ratio_poster/public/p2506694509.jpg,2018-01-05(中国大陆),https://movie.douban.com/subject/22265634/,7.1,"动作,科幻,冒险",3,,,2019-08-31 01:40:33,2017 / 美国 / 动作 科幻 冒险 / 莱恩·约翰逊 / 马克·哈米尔 凯丽·费雪
1933214450,终结者,,https://img2.doubanio.com/view/photo/m_ratio_poster/public/p511430453.jpg,1992-06(中国大陆),https://movie.douban.com/subject/1300656/,8.2,"动作,科幻,惊悚",4,,,2019-08-31 01:40:18,1984 / 美国 英国 / 动作 科幻 惊悚 / 詹姆斯·卡梅隆 / 阿诺·施瓦辛格 迈克尔·比恩
1933214049,移动迷宫3：死亡解药,,https://img9.doubanio.com/view/photo/m_ratio_poster/public/p2508618114.jpg,2018-01-26(中国大陆),https://movie.douban.com/subject/26004132/,5.3,"动作,科幻,冒险",2,,,2019-08-31 01:39:58,2018 / 美国 / 动作 科幻 冒险 / 韦斯·鲍尔 / 迪伦·奥布莱恩 卡雅·斯考达里奥
1933213763,饥饿游戏2：星火燎原,,https://img2.doubanio.com/view/photo/m_ratio_poster/public/p2156684911.jpg,2013-11-21(中国大陆),https://movie.douban.com/subject/6874456/,7.4,"动作,科幻,冒险",4,,,2019-08-31 01:39:40,2013 / 美国 / 动作 科幻 冒险 / 弗朗西斯·劳伦斯 / 詹妮弗·劳伦斯 乔什·哈切森
1933213663,地心引力,,https://img2.doubanio.com/view/photo/m_ratio_poster/public/p2159078612.jpg,2013-11-19(中国大陆),https://movie.douban.com/subject/3793783/,7.9,"科幻,惊悚,灾难",5,,,2019-08-31 01:39:33,2013 / 英国 美国 墨西哥 / 科幻 惊悚 灾难 / 阿方索·卡隆 / 桑德拉·布洛克 乔治·克鲁尼
1933213391,巨齿鲨,,https://img2.doubanio.com/view/photo/m_ratio_poster/public/p2616427021.jpg,2018-08-10(中国大陆),https://movie.douban.com/subject/26426194/,5.7,"动作,科幻,惊悚",4,,,2019-08-31 01:39:12,2018 / 美国 中国大陆 中国香港 / 动作 科幻 惊悚 / 乔·德特杜巴 / 杰森·斯坦森 李冰冰
1933213171,环太平洋,,https://img2.doubanio.com/view/photo/m_ratio_poster/public/p2043625972.jpg,2013-07-31(中国大陆),https://movie.douban.com/subject/5323968/,7.7,"动作,科幻,冒险",4,,,2019-08-31 01:38:55,2013 / 美国 / 动作 科幻 冒险 / 吉尔莫·德尔·托罗 / 查理·汉纳姆 菊地凛子
1933213057,猩球崛起2：黎明之战,,https://img9.doubanio.com/view/photo/m_ratio_poster/public/p2196211285.jpg,2014-08-29(中国大陆),https://movie.douban.com/subject/7046723/,7.7,"剧情,动作,科幻",4,,,2019-08-31 01:38:47,2014 / 美国 / 剧情 动作 科幻 / 马特·里夫斯 / 安迪·瑟金斯 杰森·克拉克
1933212914,饥饿游戏3：嘲笑鸟(上),,https://img2.doubanio.com/view/photo/m_ratio_poster/public/p2222078042.jpg,2015-02-08(中国大陆),https://movie.douban.com/subject/6533054/,6.2,"动作,科幻,冒险",4,,,2019-08-31 01:38:37,2014 / 美国 / 动作 科幻 冒险 / 弗朗西斯·劳伦斯 / 詹妮弗·劳伦斯 乔什·哈切森
1933212777,狂暴巨兽,,https://img2.doubanio.com/view/photo/m_ratio_poster/public/p2516079193.jpg,2018-04-13(中国大陆),https://movie.douban.com/subject/26430636/,6.3,"动作,科幻,冒险",4,,,2019-08-31 01:38:26,2018 / 美国 / 动作 科幻 冒险 / 布拉德·佩顿 / 道恩·强森 娜奥米·哈里斯
1933212639,饥饿游戏,,https://img1.doubanio.com/view/photo/m_ratio_poster/public/p2209718348.jpg,2012-06-14(中国大陆),https://movie.douban.com/subject/3592853/,7.1,"动作,科幻,冒险",4,,,2019-08-31 01:38:16,2012 / 美国 / 动作 科幻 冒险 / 盖瑞·罗斯 / 詹妮弗·劳伦斯 乔什·哈切森
1933212466,终结者2：审判日,,https://img9.doubanio.com/view/photo/m_ratio_poster/public/p1910909085.jpg,1991-07-03(美国),https://movie.douban.com/subject/1291844/,8.8,"动作,科幻",4,,,2019-08-31 01:38:04,1991 / 美国 法国 / 动作 科幻 / 詹姆斯·卡梅隆 / 阿诺·施瓦辛格 琳达·汉密尔顿
1933212326,黑客帝国2：重装上阵,,https://img1.doubanio.com/view/photo/m_ratio_poster/public/p443461390.jpg,2003-07-18(中国大陆),https://movie.douban.com/subject/1304141/,8.7,"动作,科幻",4,,,2019-08-31 01:37:55,2003 / 美国 / 动作 科幻 / 拉娜·沃卓斯基 莉莉·沃卓斯基 / 基努·里维斯 劳伦斯·菲什伯恩
1933212040,猩球崛起,,https://img1.doubanio.com/view/photo/m_ratio_poster/public/p1281402537.jpg,2011-10-28(中国大陆),https://movie.douban.com/subject/3274505/,8.2,"剧情,动作,科幻",4,,,2019-08-31 01:37:37,2011 / 美国 / 剧情 动作 科幻 / 鲁伯特·瓦耶特 / 安迪·瑟金斯 詹姆斯·弗兰科
1933211835,2012,,https://img1.doubanio.com/view/photo/m_ratio_poster/public/p505238859.jpg,2009-11-13(中国大陆),https://movie.douban.com/subject/3005875/,8,"科幻,灾难",4,,,2019-08-31 01:37:24,2009 / 美国 加拿大 / 科幻 灾难 / 罗兰·艾默里奇 / 约翰·库萨克 阿曼达·皮特
1933211590,蜘蛛侠：平行宇宙,,https://img1.doubanio.com/view/photo/m_ratio_poster/public/p2535851348.jpg,2018-12-21(中国大陆),https://movie.douban.com/subject/26374197/,8.6,"动作,科幻,动画",,,,2019-08-31 01:37:06,2018 / 美国 / 动作 科幻 动画 冒险 / 鲍勃·佩尔西凯蒂 彼得·拉姆齐 罗德尼·罗斯曼 / 沙梅克·摩尔 杰克·约翰逊
1933211566,超凡蜘蛛侠2,,https://img2.doubanio.com/view/photo/m_ratio_poster/public/p2179858051.jpg,2014-05-04(中国大陆),https://movie.douban.com/subject/6082518/,7.7,"动作,科幻,奇幻",,,,2019-08-31 01:37:05,2014 / 美国 / 动作 科幻 奇幻 冒险 / 马克·韦布 / 安德鲁·加菲尔德 艾玛·斯通
1933211542,蜘蛛侠3,,https://img1.doubanio.com/view/photo/m_ratio_poster/public/p1344981868.jpg,2007-05-01(中国大陆),https://movie.douban.com/subject/1418189/,7.6,"动作,科幻,冒险",,,,2019-08-31 01:37:03,2007 / 美国 / 动作 科幻 冒险 / 山姆·雷米 / 托比·马奎尔 克斯汀·邓斯特
1933211529,蜘蛛侠2,,https://img1.doubanio.com/view/photo/m_ratio_poster/public/p1617867110.jpg,2004-08-05(中国大陆),https://movie.douban.com/subject/1308570/,7.8,"动作,科幻,冒险",,,,2019-08-31 01:37:02,2004 / 美国 / 动作 科幻 冒险 / 山姆·雷米 / 托比·马奎尔 克斯汀·邓斯特
1933211458,超凡蜘蛛侠,,https://img9.doubanio.com/view/photo/m_ratio_poster/public/p1609913975.jpg,2012-08-27(中国大陆),https://movie.douban.com/subject/2129132/,7.7,"动作,科幻,奇幻",4,,,2019-08-31 01:36:58,2012 / 美国 / 动作 科幻 奇幻 冒险 / 马克·韦布 / 安德鲁·加菲尔德 艾玛·斯通
1933211289,蝙蝠侠：黑暗骑士崛起,,https://img9.doubanio.com/view/photo/m_ratio_poster/public/p1706428744.jpg,2012-08-27(中国大陆),https://movie.douban.com/subject/3395373/,8.8,"剧情,动作,科幻",4,,,2019-08-31 01:36:47,2012 / 美国 英国 / 剧情 动作 科幻 惊悚 犯罪 / 克里斯托弗·诺兰 / 克里斯蒂安·贝尔 汤姆·哈迪
1933211109,正义联盟,,https://img9.doubanio.com/view/photo/m_ratio_poster/public/p2504027804.jpg,2017-11-17(中国大陆),https://movie.douban.com/subject/2158490/,6.3,"动作,科幻,奇幻",4,,,2019-08-31 01:36:33,2017 / 美国 / 动作 科幻 奇幻 冒险 / 扎克·施奈德 / 本·阿弗莱克 亨利·卡维尔
1933210964,蜘蛛侠,,https://img2.doubanio.com/view/photo/m_ratio_poster/public/p457050361.jpg,2002-08-07(中国大陆),https://movie.douban.com/subject/1306612/,8,"动作,科幻,冒险",4,,,2019-08-31 01:36:24,2002 / 美国 / 动作 科幻 冒险 / 山姆·雷米 / 托比·马奎尔 威廉·达福
1933210809,哥斯拉2：怪兽之王,,https://img1.doubanio.com/view/photo/m_ratio_poster/public/p2554370800.jpg,2019-05-31(中国大陆),https://movie.douban.com/subject/25890017/,6.2,"动作,科幻,冒险",4,,,2019-08-31 01:36:12,2019 / 美国 日本 中国大陆 加拿大 / 动作 科幻 冒险 灾难 / 迈克尔·道赫蒂 / 凯尔·钱德勒 维拉·法米加
1933210641,侏罗纪世界2,,https://img9.doubanio.com/view/photo/m_ratio_poster/public/p2522069454.jpg,2018-06-15(中国大陆),https://movie.douban.com/subject/26416062/,6.6,"动作,科幻,冒险",,,,2019-08-31 01:36:00,2018 / 美国 / 动作 科幻 冒险 / J·A·巴亚纳 / 克里斯·帕拉特 布莱丝·达拉斯·霍华德
1933210563,侏罗纪公园3,,https://img1.doubanio.com/view/photo/m_ratio_poster/public/p2249341027.jpg,2002-01-23(中国大陆),https://movie.douban.com/subject/1304643/,7.3,"动作,科幻,惊悚",,,,2019-08-31 01:35:55,2001 / 美国 / 动作 科幻 惊悚 冒险 / 乔·庄斯顿 / 山姆·尼尔 威廉姆·H·梅西
1933210364,侏罗纪世界,,https://img2.doubanio.com/view/photo/m_ratio_poster/public/p2246217861.jpg,2015-06-10(中国大陆),https://movie.douban.com/subject/10440138/,7.7,"动作,科幻,冒险",4,,,2019-08-31 01:35:42,2015 / 美国 / 动作 科幻 冒险 / 科林·特莱沃若 / 克里斯·帕拉特 布莱丝·达拉斯·霍华德
1933210115,死侍,,https://img2.doubanio.com/view/photo/m_ratio_poster/public/p2309264172.jpg,2016-02-12(美国),https://movie.douban.com/subject/3718279/,7.8,"喜剧,动作,科幻",3,,,2019-08-31 01:35:27,2016 / 美国 加拿大 / 喜剧 动作 科幻 冒险 / 蒂姆·米勒 / 瑞安·雷诺兹 莫蕾娜·巴卡琳
1933209982,死侍2：我爱我家,,https://img9.doubanio.com/view/photo/m_ratio_poster/public/p2545479945.jpg,2019-01-25(中国大陆),https://movie.douban.com/subject/26588308/,7.3,"喜剧,动作,科幻",4,,喜剧,2019-08-31 01:35:18,2018 / 美国 / 喜剧 动作 科幻 冒险 / 大卫·雷奇 / 瑞安·雷诺兹 乔什·布洛林
1933209586,X战警：逆转未来,,https://img1.doubanio.com/view/photo/m_ratio_poster/public/p2181156848.jpg,2014-05-23(中国大陆),https://movie.douban.com/subject/10485647/,8.2,"剧情,动作,科幻",,,,2019-08-31 01:34:52,2014 / 美国 英国 / 剧情 动作 科幻 冒险 / 布莱恩·辛格 / 休·杰克曼 詹姆斯·麦卡沃伊
1933209557,金刚狼2,,https://img2.doubanio.com/view/photo/m_ratio_poster/public/p2151837713.jpg,2013-10-17(中国大陆),https://movie.douban.com/subject/3718424/,6.7,"动作,科幻",,,,2019-08-31 01:34:50,2013 / 美国 英国 / 动作 科幻 / 詹姆斯·曼高德 / 休·杰克曼 冈本多绪
1933209518,X战警：第一战,,https://img1.doubanio.com/view/photo/m_ratio_poster/public/p956878707.jpg,2011-05-25(纽约首映),https://movie.douban.com/subject/3168089/,8.2,"剧情,动作,科幻",,,,2019-08-31 01:34:48,2011 / 美国 英国 / 剧情 动作 科幻 / 马修·沃恩 / 詹姆斯·麦卡沃伊 迈克尔·法斯宾德
1933209497,金刚狼,,https://img1.doubanio.com/view/photo/m_ratio_poster/public/p2063167557.jpg,2009-05-03(中国大陆),https://movie.douban.com/subject/1792928/,7.6,"动作,科幻",,,,2019-08-31 01:34:46,2009 / 美国 英国 / 动作 科幻 / 加文·胡德 / 休·杰克曼 列维·施瑞博尔
1933209464,X战警3：背水一战,,https://img2.doubanio.com/view/photo/m_ratio_poster/public/p2230029851.jpg,2006-09-08(中国大陆),https://movie.douban.com/subject/1401524/,7.7,"动作,科幻,惊悚",,,,2019-08-31 01:34:44,2006 / 美国 加拿大 英国 / 动作 科幻 惊悚 / 布莱特·拉特纳 / 休·杰克曼 哈莉·贝瑞
1933209449,X战警2,,https://img1.doubanio.com/view/photo/m_ratio_poster/public/p726784568.jpg,2003-09-29(中国大陆),https://movie.douban.com/subject/1305724/,7.7,"动作,科幻,惊悚",,,,2019-08-31 01:34:43,2003 / 美国 加拿大 / 动作 科幻 惊悚 / 布莱恩·辛格 / 帕特里克·斯图尔特 休·杰克曼
1933209424,X战警,,https://img1.doubanio.com/view/photo/m_ratio_poster/public/p2446530060.jpg,2000-07-14(美国),https://movie.douban.com/subject/1295250/,7.8,"动作,科幻",,,,2019-08-31 01:34:41,2000 / 美国 加拿大 / 动作 科幻 / 布莱恩·辛格 / 休·杰克曼 帕特里克·斯图尔特
1933209354,X战警：天启,,https://img9.doubanio.com/view/photo/m_ratio_poster/public/p2352321614.jpg,2016-06-03(中国大陆),https://movie.douban.com/subject/25786060/,7.7,"动作,科幻,奇幻",4,,,2019-08-31 01:34:37,2016 / 美国 / 动作 科幻 奇幻 冒险 / 布莱恩·辛格 / 詹姆斯·麦卡沃伊 迈克尔·法斯宾德
1933209092,变形金刚5：最后的骑士,,https://img1.doubanio.com/view/photo/m_ratio_poster/public/p2462475058.jpg,2017-06-23(中国大陆),https://movie.douban.com/subject/25824686/,4.9,"动作,科幻",,,,2019-08-31 01:34:19,2017 / 美国 中国大陆 加拿大 墨西哥 / 动作 科幻 / 迈克尔·贝 / 马克·沃尔伯格 安东尼·霍普金斯
1933209078,变形金刚4：绝迹重生,,https://img2.doubanio.com/view/photo/m_ratio_poster/public/p2187231762.jpg,2014-06-27(中国大陆),https://movie.douban.com/subject/7054604/,6.7,"动作,科幻",,,,2019-08-31 01:34:18,2014 / 美国 中国大陆 中国香港 / 动作 科幻 / 迈克尔·贝 / 马克·沃尔伯格 斯坦利·图齐
1933209059,变形金刚3,,https://img2.doubanio.com/view/photo/m_ratio_poster/public/p1056093671.jpg,2011-07-21(中国大陆),https://movie.douban.com/subject/3610047/,7.2,"动作,科幻",,,,2019-08-31 01:34:17,2011 / 美国 / 动作 科幻 / 迈克尔·贝 / 希亚·拉博夫 罗茜·汉丁顿-惠特莉
1933209047,变形金刚2,,https://img9.doubanio.com/view/photo/m_ratio_poster/public/p1829840016.jpg,2009-06-24(中国大陆),https://movie.douban.com/subject/2146991/,7.8,"动作,科幻",,,,2019-08-31 01:34:16,2009 / 美国 / 动作 科幻 / 迈克尔·贝 / 希亚·拉博夫 梅根·福克斯
1933209023,变形金刚,,https://img9.doubanio.com/view/photo/m_ratio_poster/public/p1188042816.jpg,2007-07-11(中国大陆),https://movie.douban.com/subject/1794171/,8.3,"动作,科幻",,,,2019-08-31 01:34:15,2007 / 美国 / 动作 科幻 / 迈克尔·贝 / 希亚·拉博夫 梅根·福克斯
1933208937,大黄蜂,,https://img1.doubanio.com/view/photo/m_ratio_poster/public/p2541662397.jpg,2019-01-04(中国大陆),https://movie.douban.com/subject/26394152/,7,"动作,科幻,冒险",3,,,2019-08-31 01:34:11,2018 / 美国 中国大陆 / 动作 科幻 冒险 / 特拉维斯·奈特 / 海莉·斯坦菲尔德 小豪尔赫·兰登伯格
1933208499,毒液：致命守护者,,https://img2.doubanio.com/view/photo/m_ratio_poster/public/p2537158013.jpg,2018-11-09(中国大陆),https://movie.douban.com/subject/3168101/,7.2,"动作,科幻,惊悚",4,,,2019-08-31 01:33:43,2018 / 美国 中国大陆 / 动作 科幻 惊悚 / 鲁本·弗雷斯彻 / 汤姆·哈迪 米歇尔·威廉姆斯
1933208050,蜘蛛侠：英雄远征,,https://img9.doubanio.com/view/photo/m_ratio_poster/public/p2558293106.jpg,2019-06-28(中国大陆),https://movie.douban.com/subject/26931786/,7.6,"动作,科幻,冒险",,,,2019-08-31 01:33:11,2019 / 美国 / 动作 科幻 冒险 / 乔·沃茨 / 汤姆·赫兰德 赞达亚
1933208028,惊奇队长,,https://img2.doubanio.com/view/photo/m_ratio_poster/public/p2546360443.jpg,2019-03-08(中国大陆),https://movie.douban.com/subject/26213252/,6.8,"动作,科幻,冒险",,,,2019-08-31 01:33:10,2019 / 美国 澳大利亚 / 动作 科幻 冒险 / 安娜·波顿 瑞安·弗雷克 / 布丽·拉尔森 裘德·洛
1933208007,蚁人2：黄蜂女现身,,https://img1.doubanio.com/view/photo/m_ratio_poster/public/p2529389608.jpg,2018-08-24(中国大陆),https://movie.douban.com/subject/26636712/,7.3,"动作,科幻,冒险",,,,2019-08-31 01:33:09,2018 / 美国 / 动作 科幻 冒险 / 佩顿·里德 / 保罗·路德 伊万杰琳·莉莉
1933207985,复仇者联盟3：无限战争,,https://img9.doubanio.com/view/photo/m_ratio_poster/public/p2517753454.jpg,2018-05-11(中国大陆),https://movie.douban.com/subject/24773958/,8.1,"动作,科幻,奇幻",,,,2019-08-31 01:33:08,2018 / 美国 / 动作 科幻 奇幻 冒险 / 安东尼·罗素 乔·罗素 / 小罗伯特·唐尼 克里斯·海姆斯沃斯
1933207972,黑豹,,https://img9.doubanio.com/view/photo/m_ratio_poster/public/p2512123434.jpg,2018-03-09(中国大陆),https://movie.douban.com/subject/6390825/,6.5,"动作,科幻,冒险",,,,2019-08-31 01:33:07,2018 / 美国 南非 / 动作 科幻 冒险 / 瑞恩·库格勒 / 查德维克·博斯曼 露皮塔·尼永奥
1933207961,雷神3：诸神黄昏,,https://img9.doubanio.com/view/photo/m_ratio_poster/public/p2500451074.jpg,2017-11-03(中国大陆),https://movie.douban.com/subject/25821634/,7.4,"动作,奇幻,冒险",,,,2019-08-31 01:33:06,2017 / 美国 / 动作 奇幻 冒险 / 塔伊加·维迪提 / 克里斯·海姆斯沃斯 汤姆·希德勒斯顿
1933207939,蜘蛛侠：英雄归来,,https://img2.doubanio.com/view/photo/m_ratio_poster/public/p2497756471.jpg,2017-09-08(中国大陆),https://movie.douban.com/subject/24753477/,7.3,"动作,科幻,冒险",,,,2019-08-31 01:33:04,2017 / 美国 / 动作 科幻 冒险 / 乔·沃茨 / 汤姆·赫兰德 小罗伯特·唐尼
1933207922,银河护卫队2,,https://img9.doubanio.com/view/photo/m_ratio_poster/public/p2455261804.jpg,2017-05-05(中国大陆),https://movie.douban.com/subject/25937854/,8,"动作,科幻,冒险",,,,2019-08-31 01:33:03,2017 / 美国 / 动作 科幻 冒险 / 詹姆斯·古恩 / 克里斯·帕拉特 佐伊·索尔达娜
1933207902,奇异博士,,https://img2.doubanio.com/view/photo/m_ratio_poster/public/p2388501883.jpg,2016-11-04(中国大陆),https://movie.douban.com/subject/3025375/,7.6,"动作,奇幻,冒险",,,,2019-08-31 01:33:02,2016 / 美国 / 动作 奇幻 冒险 / 斯科特·德瑞克森 / 本尼迪克特·康伯巴奇 蒂尔达·斯文顿
1933207880,美国队长3,,https://img9.doubanio.com/view/photo/m_ratio_poster/public/p2332503406.jpg,2016-05-06(中国大陆),https://movie.douban.com/subject/25820460/,7.9,"动作,科幻,冒险",,,,2019-08-31 01:33:00,2016 / 美国 / 动作 科幻 冒险 / 安东尼·罗素 乔·罗素 / 克里斯·埃文斯 小罗伯特·唐尼
1933207856,蚁人,,https://img2.doubanio.com/view/photo/m_ratio_poster/public/p2266823371.jpg,2015-10-16(中国大陆),https://movie.douban.com/subject/1866473/,7.7,"动作,科幻,冒险",,,,2019-08-31 01:32:59,2015 / 美国 / 动作 科幻 冒险 / 佩顿·里德 / 保罗·路德 迈克尔·道格拉斯
1933207833,复仇者联盟2：奥创纪元,,https://img2.doubanio.com/view/photo/m_ratio_poster/public/p2237747953.jpg,2015-05-12(中国大陆),https://movie.douban.com/subject/10741834/,7.5,"动作,科幻,奇幻",,,,2019-08-31 01:32:58,2015 / 美国 / 动作 科幻 奇幻 冒险 / 乔斯·韦登 / 小罗伯特·唐尼 克里斯·海姆斯沃斯
1933207815,银河护卫队,,https://img2.doubanio.com/view/photo/m_ratio_poster/public/p2198455702.jpg,2014-10-10(中国大陆),https://movie.douban.com/subject/7065154/,8.1,"动作,科幻,冒险",,,,2019-08-31 01:32:56,2014 / 美国 英国 / 动作 科幻 冒险 / 詹姆斯·古恩 / 克里斯·帕拉特 佐伊·索尔达娜
1933207802,美国队长2,,https://img1.doubanio.com/view/photo/m_ratio_poster/public/p2169912867.jpg,2014-04-04(中国大陆),https://movie.douban.com/subject/6390823/,8,"动作,科幻,冒险",,,,2019-08-31 01:32:55,2014 / 美国 / 动作 科幻 冒险 / 安东尼·罗素 乔·罗素 / 克里斯·埃文斯 斯嘉丽·约翰逊
1933207753,雷神2：黑暗世界,,https://img9.doubanio.com/view/photo/m_ratio_poster/public/p2156839164.jpg,2013-11-08(中国大陆),https://movie.douban.com/subject/6560058/,7.4,"动作,奇幻,冒险",,,,2019-08-31 01:32:52,2013 / 美国 / 动作 奇幻 冒险 / 阿兰·泰勒 / 克里斯·海姆斯沃斯 娜塔莉·波特曼
1933207731,钢铁侠3,,https://img2.doubanio.com/view/photo/m_ratio_poster/public/p1955027201.jpg,2013-05-01(中国大陆),https://movie.douban.com/subject/3231742/,7.9,"动作,科幻",,,,2019-08-31 01:32:51,2013 / 美国 中国大陆 / 动作 科幻 / 沙恩·布莱克 / 小罗伯特·唐尼 盖·皮尔斯
1933207712,复仇者联盟,,https://img1.doubanio.com/view/photo/m_ratio_poster/public/p1469137689.jpg,2012-05-05(中国大陆),https://movie.douban.com/subject/1866479/,8.3,"动作,科幻,奇幻",,,,2019-08-31 01:32:49,2012 / 美国 / 动作 科幻 奇幻 冒险 / 乔斯·韦登 / 小罗伯特·唐尼 克里斯·埃文斯
1933207695,美国队长,,https://img1.doubanio.com/view/photo/m_ratio_poster/public/p1182659238.jpg,2011-09-09(中国大陆),https://movie.douban.com/subject/2138838/,7.1,"动作,科幻,冒险",,,,2019-08-31 01:32:48,2011 / 美国 / 动作 科幻 冒险 / 乔·庄斯顿 / 克里斯·埃文斯 海莉·阿特维尔
1933207670,雷神,,https://img1.doubanio.com/view/photo/m_ratio_poster/public/p956098719.jpg,2011-05-08(中国大陆),https://movie.douban.com/subject/1866471/,7.1,"动作,奇幻,冒险",,,,2019-08-31 01:32:47,2011 / 美国 / 动作 奇幻 冒险 / 肯尼思·布拉纳 / 克里斯·海姆斯沃斯 娜塔莉·波特曼
1933207646,钢铁侠2,,https://img2.doubanio.com/view/photo/m_ratio_poster/public/p451885601.jpg,2010-05-07(中国大陆),https://movie.douban.com/subject/3066739/,7.7,"动作,科幻,冒险",,,,2019-08-31 01:32:45,2010 / 美国 / 动作 科幻 冒险 / 乔恩·费儒 / 小罗伯特·唐尼 格温妮斯·帕特洛
1933207624,无敌浩克,,https://img9.doubanio.com/view/photo/m_ratio_poster/public/p916263375.jpg,2008-08-20(中国大陆),https://movie.douban.com/subject/1866475/,7.1,"动作,科幻,惊悚",,,,2019-08-31 01:32:44,2008 / 美国 / 动作 科幻 惊悚 / 路易斯·莱特里尔 / 爱德华·诺顿 丽芙·泰勒
1933207566,钢铁侠,,https://img1.doubanio.com/view/photo/m_ratio_poster/public/p725871968.jpg,2008-04-30(中国大陆),https://movie.douban.com/subject/1432146/,8.4,"动作,科幻,惊悚",,,,2019-08-31 01:32:41,2008 / 美国 / 动作 科幻 惊悚 冒险 / 乔恩·费儒 / 小罗伯特·唐尼 泰伦斯·霍华德
1933207501,复仇者联盟4：终局之战,,https://img9.doubanio.com/view/photo/m_ratio_poster/public/p2552058346.jpg,2019-04-24(中国大陆),https://movie.douban.com/subject/26100958/,8.5,"剧情,动作,科幻",5,,,2019-08-31 01:32:36,2019 / 美国 / 剧情 动作 科幻 奇幻 冒险 / 安东尼·罗素 乔·罗素 / 小罗伯特·唐尼 克里斯·埃文斯
1933207237,头号玩家,,https://img1.doubanio.com/view/photo/m_ratio_poster/public/p2516578307.jpg,2018-03-30(中国大陆),https://movie.douban.com/subject/4920389/,8.7,"动作,科幻,冒险",4,,虚拟现实,2019-08-31 01:32:19,2018 / 美国 / 动作 科幻 冒险 / 史蒂文·斯皮尔伯格 / 泰伊·谢里丹 奥利维亚·库克
1933205443,摩登时代,,https://img1.doubanio.com/view/photo/m_ratio_poster/public/p2263408369.jpg,1936-02-25(美国),https://movie.douban.com/subject/1294371/,9.3,"剧情,喜剧,爱情",,,,2019-08-31 01:30:01,1936 / 美国 / 剧情 喜剧 爱情 / 查理·卓别林 / 查理·卓别林 宝莲·高黛
1933204177,大闹天宫,,https://img1.doubanio.com/view/photo/m_ratio_poster/public/p2184505167.jpg,1961(中国大陆),https://movie.douban.com/subject/1418019/,9.4,"剧情,动画,奇幻",,,,2019-08-31 01:28:25,1961 / 中国大陆 / 剧情 动画 奇幻 古装 / 万籁鸣 / 邱岳峰 富润生
1933204145,黑客帝国3：矩阵革命,,https://img1.doubanio.com/view/photo/m_ratio_poster/public/p443461818.jpg,2003-11-05(中国大陆),https://movie.douban.com/subject/1302467/,8.8,"动作,科幻",,,,2019-08-31 01:28:22,2003 / 美国 / 动作 科幻 / 拉娜·沃卓斯基 莉莉·沃卓斯基 / 基努·里维斯 劳伦斯·菲什伯恩
1933203903,冰川时代,,https://img1.doubanio.com/view/photo/m_ratio_poster/public/p1910895719.jpg,2002-03-15(美国),https://movie.douban.com/subject/1291578/,8.6,"喜剧,动画,冒险",,,,2019-08-31 01:28:01,2002 / 美国 / 喜剧 动画 冒险 / 卡洛斯·沙尔丹哈 克里斯·韦奇 / 雷·罗马诺 约翰·雷吉扎莫
1933202890,唐伯虎点秋香,,https://img9.doubanio.com/view/photo/m_ratio_poster/public/p2357915564.jpg,1993-07-01(中国香港),https://movie.douban.com/subject/1306249/,8.7,"喜剧,爱情,古装",,,,2019-08-31 01:26:48,1993 / 中国香港 / 喜剧 爱情 古装 / 李力持 / 周星驰 巩俐
1933202687,蝙蝠侠：黑暗骑士,,https://img2.doubanio.com/view/photo/m_ratio_poster/public/p462657443.jpg,2008-07-14(纽约首映),https://movie.douban.com/subject/1851857/,9.2,"剧情,动作,科幻",,,,2019-08-31 01:26:36,2008 / 美国 英国 / 剧情 动作 科幻 惊悚 犯罪 / 克里斯托弗·诺兰 / 克里斯蒂安·贝尔 希斯·莱杰
1933202621,驯龙高手,,https://img2.doubanio.com/view/photo/m_ratio_poster/public/p490385643.jpg,2010-05-14(中国大陆),https://movie.douban.com/subject/2353023/,8.8,"动画,奇幻,冒险",,,,2019-08-31 01:26:31,2010 / 美国 / 动画 奇幻 冒险 / 迪恩·德布洛斯 克里斯·桑德斯 / 杰伊·巴鲁切尔 杰拉德·巴特勒
1933202266,大话西游之大圣娶亲,,https://img9.doubanio.com/view/photo/m_ratio_poster/public/p2455050536.jpg,2014-10-24(中国大陆),https://movie.douban.com/subject/1292213/,9.2,"喜剧,爱情,奇幻",,,,2019-08-31 01:26:06,1995 / 中国香港 中国大陆 / 喜剧 爱情 奇幻 古装 / 刘镇伟 / 周星驰 吴孟达
1933200792,黑客帝国,,https://img1.doubanio.com/view/photo/m_ratio_poster/public/p451926968.jpg,2000-01-14(中国大陆),https://movie.douban.com/subject/1291843/,9.1,"动作,科幻",,,,2019-08-31 01:24:28,1999 / 美国 / 动作 科幻 / 莉莉·沃卓斯基 拉娜·沃卓斯基 / 基努·里维斯 劳伦斯·菲什伯恩
1933199525,黑衣人：全球追缉,,https://img1.doubanio.com/view/photo/m_ratio_poster/public/p2558701068.jpg,2019-06-14(中国大陆),https://movie.douban.com/subject/19971676/,5.5,"喜剧,动作,科幻",3,,"搞笑,特工",2019-08-31 01:23:04,2019 / 美国 / 喜剧 动作 科幻 / F·加里·格雷 / 克里斯·海姆斯沃斯 泰莎·汤普森
1933198661,哪吒之魔童降世,,https://img9.doubanio.com/view/photo/m_ratio_poster/public/p2563780504.jpg,2019-07-26(中国大陆),https://movie.douban.com/subject/26794435/,8.4,"剧情,喜剧,动画",4,,,2019-08-31 01:22:08,2019 / 中国大陆 / 剧情 喜剧 动画 奇幻 / 饺子 / 吕艳婷 囧森瑟夫
1933197582,天空之城,,https://img9.doubanio.com/view/photo/m_ratio_poster/public/p2888647044.jpg,1992-05-01(中国大陆),https://movie.douban.com/subject/1291583/,9.2,"动画,奇幻,冒险",4,,宮崎駿,2019-08-31 01:21:09,1986 / 日本 / 动画 奇幻 冒险 / 宫崎骏 / 田中真弓 横泽启子
1933197482,摔跤吧！爸爸,,https://img1.doubanio.com/view/photo/m_ratio_poster/public/p2401676338.jpg,2017-05-05(中国大陆),https://movie.douban.com/subject/26387939/,9,"剧情,家庭,传记",4,,,2019-08-31 01:20:52,2016 / 印度 / 剧情 家庭 传记 运动 / 涅提·蒂瓦里 / 阿米尔·汗 法缇玛·萨那·纱卡
1933196416,龙猫,,https://img9.doubanio.com/view/photo/m_ratio_poster/public/p2540924496.jpg,2018-12-14(中国大陆),https://movie.douban.com/subject/1291560/,9.2,"动画,奇幻,冒险",,,,2019-08-31 01:19:38,1988 / 日本 / 动画 奇幻 冒险 / 宫崎骏 / 日高法子 坂本千夏
1933195911,阿凡达,,https://img1.doubanio.com/view/photo/m_ratio_poster/public/p2180085848.jpg,2010-01-04(中国大陆),https://movie.douban.com/subject/1652587/,8.8,"动作,科幻,冒险",,,,2019-08-31 01:19:07,2009 / 美国 / 动作 科幻 冒险 / 詹姆斯·卡梅隆 / 萨姆·沃辛顿 佐伊·索尔达娜
1933195843,大话西游之月光宝盒,,https://img2.doubanio.com/view/photo/m_ratio_poster/public/p2561721372.jpg,2014-10-24(中国大陆),https://movie.douban.com/subject/1299398/,9,"喜剧,爱情,奇幻",,,,2019-08-31 01:19:03,1995 / 中国香港 中国大陆 / 喜剧 爱情 奇幻 古装 / 刘镇伟 / 周星驰 吴孟达
1933195768,盗梦空间,,https://img9.doubanio.com/view/photo/m_ratio_poster/public/p513344864.jpg,2010-09-01(中国大陆),https://movie.douban.com/subject/3541415/,9.4,"剧情,科幻,悬疑",5,太棒了,,2019-08-31 01:18:58,2010 / 美国 英国 / 剧情 科幻 悬疑 冒险 / 克里斯托弗·诺兰 / 莱昂纳多·迪卡普里奥 约瑟夫·高登-莱维特
1933195479,三傻大闹宝莱坞,,https://img2.doubanio.com/view/photo/m_ratio_poster/public/p579729551.jpg,2011-12-08(中国大陆),https://movie.douban.com/subject/3793023/,9.2,"剧情,喜剧,爱情",,,,2019-08-31 01:18:40,2009 / 印度 / 剧情 喜剧 爱情 歌舞 / 拉吉库马尔·希拉尼 / 阿米尔·汗 卡琳娜·卡普尔
1933195455,千与千寻,,https://img1.doubanio.com/view/photo/m_ratio_poster/public/p2557573348.jpg,2019-06-21(中国大陆),https://movie.douban.com/subject/1291561/,9.4,"剧情,动画,奇幻",,,,2019-08-31 01:18:38,2001 / 日本 / 剧情 动画 奇幻 / 宫崎骏 / 柊瑠美 入野自由
1933195429,楚门的世界,,https://img2.doubanio.com/view/photo/m_ratio_poster/public/p479682972.jpg,1998-06-05(美国),https://movie.douban.com/subject/1292064/,9.4,"剧情,科幻",,,,2019-08-31 01:18:37,1998 / 美国 / 剧情 科幻 / 彼得·威尔 / 金·凯瑞 劳拉·琳妮
1933195277,当幸福来敲门,,https://img9.doubanio.com/view/photo/m_ratio_poster/public/p2614359276.jpg,2008-01-17(中国大陆),https://movie.douban.com/subject/1849031/,9.2,"剧情,家庭,传记",5,不靠运气，不是阿甘，靠自己的努力成功，有多艰难就得要有多努力。,"父子,人生,励志",2019-08-31 01:18:28,2006 / 美国 / 剧情 家庭 传记 / 加布里埃莱·穆奇诺 / 威尔·史密斯 贾登·史密斯
1933195130,这个杀手不太冷,,https://img2.doubanio.com/view/photo/m_ratio_poster/public/p511118051.jpg,1994-09-14(法国),https://movie.douban.com/subject/1295644/,9.4,"剧情,动作,犯罪",5,或许12岁的小女孩不懂爱情，但她的胃知道，遇到里昂后，她的胃不再痛了，都是暖暖的,"经典,剧情,温情,1994",2019-08-31 01:18:20,1994 / 法国 美国 / 剧情 动作 犯罪 / 吕克·贝松 / 让·雷诺 娜塔莉·波特曼
1933195076,阿甘正传,,https://img2.doubanio.com/view/photo/m_ratio_poster/public/p2372307693.jpg,1994-06-23(洛杉矶首映),https://movie.douban.com/subject/1292720/,9.5,"剧情,爱情",,,,2019-08-31 01:18:16,1994 / 美国 / 剧情 爱情 / 罗伯特·泽米吉斯 / 汤姆·汉克斯 罗宾·怀特
1933194816,肖申克的救赎,,https://img2.doubanio.com/view/photo/m_ratio_poster/public/p480747492.jpg,1994-09-10(多伦多电影节),https://movie.douban.com/subject/1292052/,9.7,"剧情,犯罪",5,安迪杜佛兰用了十年的时间在肖申克里救赎自己，最后在满是污水的下水道涤尽罪恶，逃出了肖申克，重获自由。,,2019-08-31 01:18:00,1994 / 美国 / 剧情 犯罪 / 弗兰克·德拉邦特 / 蒂姆·罗宾斯 摩根·弗里曼